userId,Genres_and_Movies,Movies
1,"['Action,Adventure']","[[{'movieId': 1049, 'title': 'Ghost and the Darkness, The (1996)', 'imdbId': 116409, 'tmdbId': 10586}, {'movieId': 1198, 'title': 'Raiders of the Lost Ark (Indiana Jones and the Raiders of the Lost Ark) (1981)', 'imdbId': 82971, 'tmdbId': 85}, {'movieId': 1291, 'title': 'Indiana Jones and the Last Crusade (1989)', 'imdbId': 97576, 'tmdbId': 89}]]"
2,"['Action,Adventure,Sci-Fi,Thriller']","[[{'movieId': 122882, 'title': 'Mad Max: Fury Road (2015)', 'imdbId': 1392190, 'tmdbId': 76341}]]"
3,"['Action,Adventure,Sci-Fi,Thriller']","[[{'movieId': 849, 'title': 'Escape from L.A. (1996)', 'imdbId': 116225, 'tmdbId': 10061}, {'movieId': 3703, 'title': 'Road Warrior, The (Mad Max 2) (1981)', 'imdbId': 82694, 'tmdbId': 8810}]]"
4,"['Action,Adventure,Comedy,Fantasy,Romance']","[[{'movieId': 1197, 'title': 'Princess Bride, The (1987)', 'imdbId': 93779, 'tmdbId': 2493}]]"
5,"['Adventure,Drama,Western']","[[{'movieId': 590, 'title': 'Dances with Wolves (1990)', 'imdbId': 99348, 'tmdbId': 581}]]"
6,"['Action,Adventure,Drama']","[[{'movieId': 86, 'title': 'White Squall (1996)', 'imdbId': 118158, 'tmdbId': 10534}]]"
7,"['Action,Comedy,War']","[[{'movieId': 466, 'title': 'Hot Shots! Part Deux (1993)', 'imdbId': 107144, 'tmdbId': 9255}]]"
8,"['Action,Adventure,Comedy,Romance,Thriller']","[[{'movieId': 380, 'title': 'True Lies (1994)', 'imdbId': 111503, 'tmdbId': 36955}]]"
9,"['Action,Adventure']","[[{'movieId': 1198, 'title': 'Raiders of the Lost Ark (Indiana Jones and the Raiders of the Lost Ark) (1981)', 'imdbId': 82971, 'tmdbId': 85}]]"
10,"['Action,Adventure,Crime']","[[{'movieId': 136020, 'title': 'Spectre (2015)', 'imdbId': 2379713, 'tmdbId': 206647}]]"
11,"['Action,Drama,War']","[[{'movieId': 110, 'title': 'Braveheart (1995)', 'imdbId': 112573, 'tmdbId': 197}, {'movieId': 2028, 'title': 'Saving Private Ryan (1998)', 'imdbId': 120815, 'tmdbId': 857}]]"
12,"['Action,Drama,Romance']","[[{'movieId': 168, 'title': 'First Knight (1995)', 'imdbId': 113071, 'tmdbId': 6520}]]"
13,"['Action,Adventure']","[[{'movieId': 1198, 'title': 'Raiders of the Lost Ark (Indiana Jones and the Raiders of the Lost Ark) (1981)', 'imdbId': 82971, 'tmdbId': 85}]]"
14,"['Action,Drama,War']","[[{'movieId': 110, 'title': 'Braveheart (1995)', 'imdbId': 112573, 'tmdbId': 197}]]"
15,"['Action,Adventure,Drama']","[[{'movieId': 3578, 'title': 'Gladiator (2000)', 'imdbId': 172495, 'tmdbId': 98}]]"
16,"['Fantasy,Sci-Fi']","[[{'movieId': 1199, 'title': 'Brazil (1985)', 'imdbId': 88846, 'tmdbId': 68}]]"
17,"['Action,Adventure,Animation,Children,Fantasy,Sci-Fi']","[[{'movieId': 6350, 'title': 'Laputa: Castle in the Sky (Tenkû no shiro Rapyuta) (1986)', 'imdbId': 92067, 'tmdbId': 10515}]]"
18,"['Action,Adventure,Western']","[[{'movieId': 1201, 'title': 'Good, the Bad and the Ugly, The (Buono, il brutto, il cattivo, Il) (1966)', 'imdbId': 60196, 'tmdbId': 429}]]"
19,"['Action,Adventure,Comedy,Fantasy,Romance']","[[{'movieId': 1197, 'title': 'Princess Bride, The (1987)', 'imdbId': 93779, 'tmdbId': 2493}]]"
20,"['Action,Adventure,Children,Comedy,Fantasy']","[[{'movieId': 2005, 'title': 'Goonies, The (1985)', 'imdbId': 89218, 'tmdbId': 9340}]]"
21,"['Adventure,Comedy,Sci-Fi,Thriller']","[[{'movieId': 47997, 'title': 'Idiocracy (2006)', 'imdbId': 387808, 'tmdbId': 7512}]]"
22,"['Action,Adventure,Thriller']","[[{'movieId': 49272, 'title': 'Casino Royale (2006)', 'imdbId': 381061, 'tmdbId': 36557}]]"
23,"['Action,Sci-Fi,Thriller']","[[{'movieId': 541, 'title': 'Blade Runner (1982)', 'imdbId': 83658, 'tmdbId': 78}]]"
24,"['Action,Adventure']","[[{'movieId': 1198, 'title': 'Raiders of the Lost Ark (Indiana Jones and the Raiders of the Lost Ark) (1981)', 'imdbId': 82971, 'tmdbId': 85}]]"
25,"['Action,Adventure']","[[{'movieId': 1198, 'title': 'Raiders of the Lost Ark (Indiana Jones and the Raiders of the Lost Ark) (1981)', 'imdbId': 82971, 'tmdbId': 85}]]"
26,"['Comedy,Crime,Drama,Thriller']","[[{'movieId': 296, 'title': 'Pulp Fiction (1994)', 'imdbId': 110912, 'tmdbId': 680}]]"
27,"['Action,Adventure']","[[{'movieId': 1198, 'title': 'Raiders of the Lost Ark (Indiana Jones and the Raiders of the Lost Ark) (1981)', 'imdbId': 82971, 'tmdbId': 85}]]"
28,"['Drama,Fantasy,Sci-Fi']","[[{'movieId': 7842, 'title': 'Dune (2000)', 'imdbId': 142032, 'tmdbId': 876}]]"
29,"['Action,Adventure,Drama']","[[{'movieId': 3578, 'title': 'Gladiator (2000)', 'imdbId': 172495, 'tmdbId': 98}]]"
30,"['Action,Adventure']","[[{'movieId': 1198, 'title': 'Raiders of the Lost Ark (Indiana Jones and the Raiders of the Lost Ark) (1981)', 'imdbId': 82971, 'tmdbId': 85}, {'movieId': 1291, 'title': 'Indiana Jones and the Last Crusade (1989)', 'imdbId': 97576, 'tmdbId': 89}]]"
31,"['Action,Adventure,Comedy,Fantasy,Romance']","[[{'movieId': 1197, 'title': 'Princess Bride, The (1987)', 'imdbId': 93779, 'tmdbId': 2493}]]"
32,"['Action,Adventure,Comedy,Fantasy,Romance']","[[{'movieId': 1197, 'title': 'Princess Bride, The (1987)', 'imdbId': 93779, 'tmdbId': 2493}]]"
33,"['Action,Adventure,Sci-Fi']","[[{'movieId': 1210, 'title': 'Star Wars: Episode VI - Return of the Jedi (1983)', 'imdbId': 86190, 'tmdbId': 1892}]]"
34,"['Action,Adventure,Thriller']","[[{'movieId': 10, 'title': 'GoldenEye (1995)', 'imdbId': 113189, 'tmdbId': 710}]]"
35,"['Adventure,Children,Fantasy']","[[{'movieId': 60, 'title': 'Indian in the Cupboard, The (1995)', 'imdbId': 113419, 'tmdbId': 11359}]]"
36,"['Action,Adventure,Drama,War']","[[{'movieId': 1262, 'title': 'Great Escape, The (1963)', 'imdbId': 57115, 'tmdbId': 5925}]]"
37,"['Action,Adventure,Sci-Fi']","[[{'movieId': 316, 'title': 'Stargate (1994)', 'imdbId': 111282, 'tmdbId': 2164}]]"
38,"['Action,Drama,Romance,War']","[[{'movieId': 151, 'title': 'Rob Roy (1995)', 'imdbId': 114287, 'tmdbId': 11780}]]"
39,"['Action,Adventure,Animation,Drama,Fantasy']","[[{'movieId': 3000, 'title': 'Princess Mononoke (Mononoke-hime) (1997)', 'imdbId': 119698, 'tmdbId': 128}]]"
40,"['Action,Drama,Western']","[[{'movieId': 553, 'title': 'Tombstone (1993)', 'imdbId': 108358, 'tmdbId': 11969}]]"
41,"['Action,Drama,Thriller']","[[{'movieId': 7438, 'title': 'Kill Bill: Vol. 2 (2004)', 'imdbId': 378194, 'tmdbId': 393}]]"
42,"['Action,Adventure,Comedy,Fantasy,Romance']","[[{'movieId': 1197, 'title': 'Princess Bride, The (1987)', 'imdbId': 93779, 'tmdbId': 2493}]]"
43,"['Action,Adventure,Animation,Horror,Sci-Fi']","[[{'movieId': 610, 'title': 'Heavy Metal (1981)', 'imdbId': 82509, 'tmdbId': 11827}]]"
44,"['Action,Adventure,Comedy,Crime']","[[{'movieId': 112, 'title': 'Rumble in the Bronx (Hont faan kui) (1995)', 'imdbId': 113326, 'tmdbId': 33542}]]"
45,"['Action,Adventure,Comedy,Drama,War']","[[{'movieId': 2890, 'title': 'Three Kings (1999)', 'imdbId': 120188, 'tmdbId': 6415}]]"
46,"['Action,Adventure,Comedy,Romance,Thriller']","[[{'movieId': 380, 'title': 'True Lies (1994)', 'imdbId': 111503, 'tmdbId': 36955}]]"
47,"['Drama,Sci-Fi']","[[{'movieId': 112804, 'title': 'I Origins (2014)', 'imdbId': 2884206, 'tmdbId': 244267}]]"
48,"['Action,Comedy,Sci-Fi']","[[{'movieId': 1580, 'title': 'Men in Black (a.k.a. MIB) (1997)', 'imdbId': 119654, 'tmdbId': 607}]]"
49,"['Action,Adventure,Horror,Sci-Fi']","[[{'movieId': 1200, 'title': 'Aliens (1986)', 'imdbId': 90605, 'tmdbId': 679}]]"
50,"['Action,Adventure,Animation,Comedy,Crime,Mystery']","[[{'movieId': 8253, 'title': 'Lupin III: The Castle Of Cagliostro (Rupan sansei: Kariosutoro no shiro) (1979)', 'imdbId': 79833, 'tmdbId': 15371}]]"
51,"['Action,Adventure,Comedy,Crime,Fantasy']","[[{'movieId': 60074, 'title': 'Hancock (2008)', 'imdbId': 448157, 'tmdbId': 8960}]]"
52,"['Action,Adventure,Animation,Children']","[[{'movieId': 95167, 'title': 'Brave (2012)', 'imdbId': 1217209, 'tmdbId': 62177}]]"
53,"['Action,Adventure']","[[{'movieId': 1049, 'title': 'Ghost and the Darkness, The (1996)', 'imdbId': 116409, 'tmdbId': 10586}]]"
54,"['Comedy,Drama,Romance,War']","[[{'movieId': 356, 'title': 'Forrest Gump (1994)', 'imdbId': 109830, 'tmdbId': 13}]]"
55,"['Action,Crime,Drama,Thriller']","[[{'movieId': 3275, 'title': 'Boondock Saints, The (2000)', 'imdbId': 144117, 'tmdbId': 8374}]]"
56,"['Action,Adventure,Sci-Fi,Thriller']","[[{'movieId': 480, 'title': 'Jurassic Park (1993)', 'imdbId': 107290, 'tmdbId': 329}]]"
57,"['Action,Adventure,Comedy,Fantasy,Romance']","[[{'movieId': 1197, 'title': 'Princess Bride, The (1987)', 'imdbId': 93779, 'tmdbId': 2493}]]"
58,"['Action,Adventure,Mystery,Thriller']","[[{'movieId': 648, 'title': 'Mission: Impossible (1996)', 'imdbId': 117060, 'tmdbId': 954}]]"
59,"['Action,Adventure,Mystery,Thriller']","[[{'movieId': 648, 'title': 'Mission: Impossible (1996)', 'imdbId': 117060, 'tmdbId': 954}]]"
60,"['Action,Crime,Drama,IMAX']","[[{'movieId': 58559, 'title': 'Dark Knight, The (2008)', 'imdbId': 468569, 'tmdbId': 155}]]"
61,"['Action,Western']","[[{'movieId': 1304, 'title': 'Butch Cassidy and the Sundance Kid (1969)', 'imdbId': 64115, 'tmdbId': 642}]]"
62,"['Action,Adventure,Comedy,Crime,Mystery,Thriller']","[[{'movieId': 91542, 'title': 'Sherlock Holmes: A Game of Shadows (2011)', 'imdbId': 1515091, 'tmdbId': 58574}]]"
63,"['Action,Adventure,Animation,Children,Comedy,Fantasy']","[[{'movieId': 108932, 'title': 'The Lego Movie (2014)', 'imdbId': 1490017, 'tmdbId': 137106}]]"
64,"['Action,Adventure,Animation,Comedy']","[[{'movieId': 8917, 'title': 'Team America: World Police (2004)', 'imdbId': 372588, 'tmdbId': 3989}]]"
65,"['Action,Adventure,Drama']","[[{'movieId': 55247, 'title': 'Into the Wild (2007)', 'imdbId': 758758, 'tmdbId': 5915}]]"
66,"['Action,Adventure,Drama,Fantasy']","[[{'movieId': 7153, 'title': 'Lord of the Rings: The Return of the King, The (2003)', 'imdbId': 167260, 'tmdbId': 122}]]"
67,"['Action,Adventure,Comedy,Sci-Fi']","[[{'movieId': 1527, 'title': 'Fifth Element, The (1997)', 'imdbId': 119116, 'tmdbId': 18}]]"
68,"['Action,Adventure,Comedy,Fantasy,Romance']","[[{'movieId': 1197, 'title': 'Princess Bride, The (1987)', 'imdbId': 93779, 'tmdbId': 2493}]]"
69,"['Action,Drama,Western']","[[{'movieId': 553, 'title': 'Tombstone (1993)', 'imdbId': 108358, 'tmdbId': 11969}]]"
70,"['Action,Adventure,Sci-Fi']","[[{'movieId': 1210, 'title': 'Star Wars: Episode VI - Return of the Jedi (1983)', 'imdbId': 86190, 'tmdbId': 1892}]]"
71,"['Action,Adventure,Drama']","[[{'movieId': 86, 'title': 'White Squall (1996)', 'imdbId': 118158, 'tmdbId': 10534}]]"
72,"['Action,Sci-Fi,Thriller']","[[{'movieId': 2571, 'title': 'Matrix, The (1999)', 'imdbId': 133093, 'tmdbId': 603}]]"
73,"['Action,Adventure,Comedy,Crime,Mystery,Thriller']","[[{'movieId': 91542, 'title': 'Sherlock Holmes: A Game of Shadows (2011)', 'imdbId': 1515091, 'tmdbId': 58574}]]"
74,"['Action,Adventure,Crime,Drama,Thriller']","[[{'movieId': 6016, 'title': 'City of God (Cidade de Deus) (2002)', 'imdbId': 317248, 'tmdbId': 598}]]"
75,"['Action,Drama,Thriller,Western']","[[{'movieId': 3681, 'title': 'For a Few Dollars More (Per qualche dollaro in più) (1965)', 'imdbId': 59578, 'tmdbId': 938}]]"
76,"['Adventure,Comedy,Fantasy']","[[{'movieId': 1136, 'title': 'Monty Python and the Holy Grail (1975)', 'imdbId': 71853, 'tmdbId': 762}]]"
77,"['Action,Adventure']","[[{'movieId': 1198, 'title': 'Raiders of the Lost Ark (Indiana Jones and the Raiders of the Lost Ark) (1981)', 'imdbId': 82971, 'tmdbId': 85}]]"
79,"['Action,Adventure']","[[{'movieId': 1291, 'title': 'Indiana Jones and the Last Crusade (1989)', 'imdbId': 97576, 'tmdbId': 89}]]"
80,"['Action,Adventure,Drama,Thriller']","[[{'movieId': 5064, 'title': 'The Count of Monte Cristo (2002)', 'imdbId': 245844, 'tmdbId': 11362}]]"
81,"['Action,Sci-Fi']","[[{'movieId': 589, 'title': 'Terminator 2: Judgment Day (1991)', 'imdbId': 103064, 'tmdbId': 280}]]"
82,"['Action,Adventure']","[[{'movieId': 1198, 'title': 'Raiders of the Lost Ark (Indiana Jones and the Raiders of the Lost Ark) (1981)', 'imdbId': 82971, 'tmdbId': 85}, {'movieId': 1291, 'title': 'Indiana Jones and the Last Crusade (1989)', 'imdbId': 97576, 'tmdbId': 89}, {'movieId': 4367, 'title': 'Lara Croft: Tomb Raider (2001)', 'imdbId': 146316, 'tmdbId': 1995}]]"
83,"['Action,Adventure,Crime,Drama,Thriller']","[[{'movieId': 6016, 'title': 'City of God (Cidade de Deus) (2002)', 'imdbId': 317248, 'tmdbId': 598}]]"
84,"['Action,Drama,War']","[[{'movieId': 1208, 'title': 'Apocalypse Now (1979)', 'imdbId': 78788, 'tmdbId': 28}]]"
85,"['Adventure,Drama']","[[{'movieId': 53, 'title': 'Lamerica (1994)', 'imdbId': 110299, 'tmdbId': 49133}]]"
86,"['Action,Adventure,Comedy,Romance']","[[{'movieId': 33679, 'title': 'Mr. & Mrs. Smith (2005)', 'imdbId': 356910, 'tmdbId': 787}]]"
87,"['Adventure,Animation,Fantasy']","[[{'movieId': 5618, 'title': 'Spirited Away (Sen to Chihiro no kamikakushi) (2001)', 'imdbId': 245429, 'tmdbId': 129}]]"
88,"['Action,Adventure,Drama,Fantasy']","[[{'movieId': 7153, 'title': 'Lord of the Rings: The Return of the King, The (2003)', 'imdbId': 167260, 'tmdbId': 122}]]"
89,"['Action,Adventure,Animation,Children,Comedy,Fantasy']","[[{'movieId': 108932, 'title': 'The Lego Movie (2014)', 'imdbId': 1490017, 'tmdbId': 137106}]]"
90,"['Action,Adventure,Sci-Fi']","[[{'movieId': 260, 'title': 'Star Wars: Episode IV - A New Hope (1977)', 'imdbId': 76759, 'tmdbId': 11}]]"
91,"['Action,Adventure,Animation,Fantasy']","[[{'movieId': 6857, 'title': 'Ninja Scroll (Jûbei ninpûchô) (1995)', 'imdbId': 107692, 'tmdbId': 14282}]]"
92,"['Adventure,Children,Comedy,Musical']","[[{'movieId': 107, 'title': 'Muppet Treasure Island (1996)', 'imdbId': 117110, 'tmdbId': 10874}]]"
93,"['Action,Adventure,Comedy,Romance']","[[{'movieId': 552, 'title': 'Three Musketeers, The (1993)', 'imdbId': 108333, 'tmdbId': 10057}]]"
94,"['Action,Drama,War']","[[{'movieId': 110, 'title': 'Braveheart (1995)', 'imdbId': 112573, 'tmdbId': 197}]]"
95,"['Action,Adventure,Animation,Sci-Fi']","[[{'movieId': 1274, 'title': 'Akira (1988)', 'imdbId': 94625, 'tmdbId': 149}]]"
96,"['Action,Adventure,Horror,Sci-Fi']","[[{'movieId': 1200, 'title': 'Aliens (1986)', 'imdbId': 90605, 'tmdbId': 679}]]"
97,"['Action,Adventure,Comedy,Thriller']","[[{'movieId': 4270, 'title': 'Mummy Returns, The (2001)', 'imdbId': 209163, 'tmdbId': 1734}]]"
98,"['Action,Adventure,Comedy,Fantasy,Romance']","[[{'movieId': 1197, 'title': 'Princess Bride, The (1987)', 'imdbId': 93779, 'tmdbId': 2493}]]"
99,"['Action,Adventure,Comedy,Crime']","[[{'movieId': 153, 'title': 'Batman Forever (1995)', 'imdbId': 112462, 'tmdbId': 414}]]"
100,"['Action,Romance']","[[{'movieId': 1101, 'title': 'Top Gun (1986)', 'imdbId': 92099, 'tmdbId': 744}]]"
101,"['Action,Crime,Drama,Thriller']","[[{'movieId': 2959, 'title': 'Fight Club (1999)', 'imdbId': 137523, 'tmdbId': 550}]]"
102,"['Comedy,Crime,Drama,Thriller']","[[{'movieId': 296, 'title': 'Pulp Fiction (1994)', 'imdbId': 110912, 'tmdbId': 680}]]"
103,"['Action,Adventure,Crime,Drama,Thriller']","[[{'movieId': 6016, 'title': 'City of God (Cidade de Deus) (2002)', 'imdbId': 317248, 'tmdbId': 598}]]"
104,"['Animation,Children,Comedy,Crime']","[[{'movieId': 1148, 'title': 'Wallace & Gromit: The Wrong Trousers (1993)', 'imdbId': 108598, 'tmdbId': 531}]]"
105,"['Action,Adventure,Crime,Drama,Thriller']","[[{'movieId': 6016, 'title': 'City of God (Cidade de Deus) (2002)', 'imdbId': 317248, 'tmdbId': 598}]]"
106,"['Action,Adventure,Comedy,Fantasy']","[[{'movieId': 6539, 'title': 'Pirates of the Caribbean: The Curse of the Black Pearl (2003)', 'imdbId': 325980, 'tmdbId': 22}, {'movieId': 53125, 'title': ""Pirates of the Caribbean: At World's End (2007)"", 'imdbId': 449088, 'tmdbId': 285}]]"
107,"['Action,Drama,War']","[[{'movieId': 110, 'title': 'Braveheart (1995)', 'imdbId': 112573, 'tmdbId': 197}]]"
108,"['Action,Crime,Mystery,Sci-Fi,Thriller']","[[{'movieId': 5445, 'title': 'Minority Report (2002)', 'imdbId': 181689, 'tmdbId': 180}]]"
109,"['Action,Drama,War']","[[{'movieId': 110, 'title': 'Braveheart (1995)', 'imdbId': 112573, 'tmdbId': 197}]]"
110,['Documentary'],"[[{'movieId': 7096, 'title': 'Rivers and Tides (2001)', 'imdbId': 307385, 'tmdbId': 30140}]]"
111,"['Action,Adventure,Comedy,Crime']","[[{'movieId': 119145, 'title': 'Kingsman: The Secret Service (2015)', 'imdbId': 2802144, 'tmdbId': 207703}]]"
112,"['Action,Adventure']","[[{'movieId': 1198, 'title': 'Raiders of the Lost Ark (Indiana Jones and the Raiders of the Lost Ark) (1981)', 'imdbId': 82971, 'tmdbId': 85}]]"
113,"['Action,Mystery,Thriller']","[[{'movieId': 2475, 'title': '52 Pick-Up (1986)', 'imdbId': 90567, 'tmdbId': 18588}]]"
114,"['Comedy,Horror']","[[{'movieId': 141718, 'title': 'Deathgasm (2015)', 'imdbId': 3705412, 'tmdbId': 323373}]]"
115,"['Action,Adventure,Drama']","[[{'movieId': 3578, 'title': 'Gladiator (2000)', 'imdbId': 172495, 'tmdbId': 98}]]"
116,"['Action,Comedy,Crime,Fantasy']","[[{'movieId': 367, 'title': 'Mask, The (1994)', 'imdbId': 110475, 'tmdbId': 854}]]"
117,"['Action,Drama,War']","[[{'movieId': 110, 'title': 'Braveheart (1995)', 'imdbId': 112573, 'tmdbId': 197}]]"
119,"['Action,Adventure,Crime,Thriller']","[[{'movieId': 170, 'title': 'Hackers (1995)', 'imdbId': 113243, 'tmdbId': 10428}]]"
120,"['Action,Adventure,Sci-Fi']","[[{'movieId': 260, 'title': 'Star Wars: Episode IV - A New Hope (1977)', 'imdbId': 76759, 'tmdbId': 11}, {'movieId': 1210, 'title': 'Star Wars: Episode VI - Return of the Jedi (1983)', 'imdbId': 86190, 'tmdbId': 1892}]]"
121,"['Crime,Drama']","[[{'movieId': 16, 'title': 'Casino (1995)', 'imdbId': 112641, 'tmdbId': 524}, {'movieId': 318, 'title': 'Shawshank Redemption, The (1994)', 'imdbId': 111161, 'tmdbId': 278}]]"
122,"['Action,Adventure,Animation,Comedy']","[[{'movieId': 8917, 'title': 'Team America: World Police (2004)', 'imdbId': 372588, 'tmdbId': 3989}]]"
123,"['Action,Adventure,Comedy,Crime,Mystery,Thriller']","[[{'movieId': 91542, 'title': 'Sherlock Holmes: A Game of Shadows (2011)', 'imdbId': 1515091, 'tmdbId': 58574}]]"
124,"['Adventure,Animation,Children,Comedy']","[[{'movieId': 6377, 'title': 'Finding Nemo (2003)', 'imdbId': 266543, 'tmdbId': 12}]]"
125,"['Action,Crime,Drama,Thriller']","[[{'movieId': 2959, 'title': 'Fight Club (1999)', 'imdbId': 137523, 'tmdbId': 550}]]"
126,"['Action,Adventure,Comedy,Romance,Thriller']","[[{'movieId': 380, 'title': 'True Lies (1994)', 'imdbId': 111503, 'tmdbId': 36955}]]"
127,"['Comedy,Drama,War']","[[{'movieId': 5060, 'title': 'M*A*S*H (a.k.a. MASH) (1970)', 'imdbId': 66026, 'tmdbId': 651}]]"
128,"['Action,Adventure,Mystery,Romance,Thriller']","[[{'movieId': 908, 'title': 'North by Northwest (1959)', 'imdbId': 53125, 'tmdbId': 213}]]"
129,"['Action,Adventure,Comedy,Fantasy,Romance']","[[{'movieId': 1197, 'title': 'Princess Bride, The (1987)', 'imdbId': 93779, 'tmdbId': 2493}]]"
130,"['Action,Drama,Sci-Fi,Thriller']","[[{'movieId': 292, 'title': 'Outbreak (1995)', 'imdbId': 114069, 'tmdbId': 6950}]]"
131,"['Action,Adventure,Crime,Drama,Thriller']","[[{'movieId': 6016, 'title': 'City of God (Cidade de Deus) (2002)', 'imdbId': 317248, 'tmdbId': 598}]]"
132,"['Action,Adventure,Comedy,Sci-Fi']","[[{'movieId': 1527, 'title': 'Fifth Element, The (1997)', 'imdbId': 119116, 'tmdbId': 18}]]"
133,"['Comedy,Drama,Romance,War']","[[{'movieId': 356, 'title': 'Forrest Gump (1994)', 'imdbId': 109830, 'tmdbId': 13}]]"
134,"['Action,Drama,War']","[[{'movieId': 110, 'title': 'Braveheart (1995)', 'imdbId': 112573, 'tmdbId': 197}]]"
135,"['Action,Adventure,Comedy,Fantasy']","[[{'movieId': 485, 'title': 'Last Action Hero (1993)', 'imdbId': 107362, 'tmdbId': 9593}, {'movieId': 3740, 'title': 'Big Trouble in Little China (1986)', 'imdbId': 90728, 'tmdbId': 6978}]]"
136,"['Action,Adventure,Romance']","[[{'movieId': 15, 'title': 'Cutthroat Island (1995)', 'imdbId': 112760, 'tmdbId': 1408}]]"
137,"['Action,Adventure,Drama,Fantasy']","[[{'movieId': 7153, 'title': 'Lord of the Rings: The Return of the King, The (2003)', 'imdbId': 167260, 'tmdbId': 122}]]"
138,"['Action,Animation,Children,Comedy,IMAX']","[[{'movieId': 59784, 'title': 'Kung Fu Panda (2008)', 'imdbId': 441773, 'tmdbId': 9502}]]"
139,"['Action,Adventure,Animation,Children,Comedy']","[[{'movieId': 8961, 'title': 'Incredibles, The (2004)', 'imdbId': 317705, 'tmdbId': 9806}]]"
140,"['Action,Adventure,Drama,Fantasy']","[[{'movieId': 7153, 'title': 'Lord of the Rings: The Return of the King, The (2003)', 'imdbId': 167260, 'tmdbId': 122}]]"
141,"['Action,Adventure,Drama']","[[{'movieId': 3578, 'title': 'Gladiator (2000)', 'imdbId': 172495, 'tmdbId': 98}]]"
142,"['Adventure,Animation,Children,Comedy,Musical']","[[{'movieId': 588, 'title': 'Aladdin (1992)', 'imdbId': 103639, 'tmdbId': 812}]]"
143,"['Adventure,Animation,Children,Comedy,Fantasy,Romance']","[[{'movieId': 4306, 'title': 'Shrek (2001)', 'imdbId': 126029, 'tmdbId': 808}]]"
144,"['Action,Adventure,Comedy,Fantasy']","[[{'movieId': 6539, 'title': 'Pirates of the Caribbean: The Curse of the Black Pearl (2003)', 'imdbId': 325980, 'tmdbId': 22}]]"
145,"['Adventure,Animation,Children,Comedy,Fantasy']","[[{'movieId': 1, 'title': 'Toy Story (1995)', 'imdbId': 114709, 'tmdbId': 862}]]"
146,"['Drama,Romance']","[[{'movieId': 30803, 'title': '3-Iron (Bin-jip) (2004)', 'imdbId': 423866, 'tmdbId': 1280}]]"
147,"['Adventure,Comedy,Sci-Fi']","[[{'movieId': 1376, 'title': 'Star Trek IV: The Voyage Home (1986)', 'imdbId': 92007, 'tmdbId': 168}]]"
148,"['Animation,Comedy,Romance']","[[{'movieId': 98491, 'title': 'Paperman (2012)', 'imdbId': 2388725, 'tmdbId': 140420}]]"
149,"['Action,Adventure,Animation,Horror,Sci-Fi']","[[{'movieId': 610, 'title': 'Heavy Metal (1981)', 'imdbId': 82509, 'tmdbId': 11827}]]"
150,"['Mystery,Sci-Fi,Thriller']","[[{'movieId': 32, 'title': 'Twelve Monkeys (a.k.a. 12 Monkeys) (1995)', 'imdbId': 114746, 'tmdbId': 63}]]"
151,"['Adventure,Animation,Children,Comedy,Fantasy']","[[{'movieId': 1, 'title': 'Toy Story (1995)', 'imdbId': 114709, 'tmdbId': 862}]]"
152,"['Action,Crime,Drama,Thriller']","[[{'movieId': 2959, 'title': 'Fight Club (1999)', 'imdbId': 137523, 'tmdbId': 550}]]"
153,"['Action,Adventure,Drama']","[[{'movieId': 55247, 'title': 'Into the Wild (2007)', 'imdbId': 758758, 'tmdbId': 5915}]]"
154,"['Action,Adventure,Animation,Children,Comedy,Fantasy']","[[{'movieId': 108932, 'title': 'The Lego Movie (2014)', 'imdbId': 1490017, 'tmdbId': 137106}]]"
155,"['Adventure,Animation,Children']","[[{'movieId': 3615, 'title': 'Dinosaur (2000)', 'imdbId': 130623, 'tmdbId': 10567}]]"
156,"['Action,Adventure,Mystery,Romance,Thriller']","[[{'movieId': 908, 'title': 'North by Northwest (1959)', 'imdbId': 53125, 'tmdbId': 213}]]"
157,"['Action,Crime,Drama,Thriller']","[[{'movieId': 2959, 'title': 'Fight Club (1999)', 'imdbId': 137523, 'tmdbId': 550}]]"
158,"['Action,Thriller']","[[{'movieId': 2490, 'title': 'Payback (1999)', 'imdbId': 120784, 'tmdbId': 2112}]]"
159,"['Adventure,Animation,Children,Comedy,Fantasy,IMAX']","[[{'movieId': 78499, 'title': 'Toy Story 3 (2010)', 'imdbId': 435761, 'tmdbId': 10193}]]"
160,"['Action,Adventure,Drama']","[[{'movieId': 3578, 'title': 'Gladiator (2000)', 'imdbId': 172495, 'tmdbId': 98}]]"
161,"['Adventure,Animation,Children,Comedy']","[[{'movieId': 38038, 'title': 'Wallace & Gromit in The Curse of the Were-Rabbit (2005)', 'imdbId': 312004, 'tmdbId': 533}]]"
162,"['Action,Comedy,Crime,Drama,Thriller']","[[{'movieId': 145, 'title': 'Bad Boys (1995)', 'imdbId': 112442, 'tmdbId': 9737}]]"
163,"['Action,Thriller']","[[{'movieId': 1608, 'title': 'Air Force One (1997)', 'imdbId': 118571, 'tmdbId': 9772}]]"
164,"['Action,Adventure']","[[{'movieId': 1198, 'title': 'Raiders of the Lost Ark (Indiana Jones and the Raiders of the Lost Ark) (1981)', 'imdbId': 82971, 'tmdbId': 85}, {'movieId': 1291, 'title': 'Indiana Jones and the Last Crusade (1989)', 'imdbId': 97576, 'tmdbId': 89}]]"
165,"['Action,Adventure']","[[{'movieId': 1198, 'title': 'Raiders of the Lost Ark (Indiana Jones and the Raiders of the Lost Ark) (1981)', 'imdbId': 82971, 'tmdbId': 85}, {'movieId': 1291, 'title': 'Indiana Jones and the Last Crusade (1989)', 'imdbId': 97576, 'tmdbId': 89}]]"
166,"['Action,Adventure,Animation,Drama,Fantasy']","[[{'movieId': 3000, 'title': 'Princess Mononoke (Mononoke-hime) (1997)', 'imdbId': 119698, 'tmdbId': 128}]]"
167,"['Action,Adventure,Comedy,Fantasy,Horror']","[[{'movieId': 1215, 'title': 'Army of Darkness (1993)', 'imdbId': 106308, 'tmdbId': 766}]]"
168,"['Action,Adventure']","[[{'movieId': 3030, 'title': 'Yojimbo (1961)', 'imdbId': 55630, 'tmdbId': 11878}]]"
169,"['Action,Adventure,Drama,Fantasy']","[[{'movieId': 7153, 'title': 'Lord of the Rings: The Return of the King, The (2003)', 'imdbId': 167260, 'tmdbId': 122}]]"
170,"['Children,Drama']","[[{'movieId': 34, 'title': 'Babe (1995)', 'imdbId': 112431, 'tmdbId': 9598}]]"
171,"['Action,Adventure']","[[{'movieId': 761, 'title': 'Phantom, The (1996)', 'imdbId': 117331, 'tmdbId': 9826}, {'movieId': 1198, 'title': 'Raiders of the Lost Ark (Indiana Jones and the Raiders of the Lost Ark) (1981)', 'imdbId': 82971, 'tmdbId': 85}, {'movieId': 1291, 'title': 'Indiana Jones and the Last Crusade (1989)', 'imdbId': 97576, 'tmdbId': 89}]]"
172,"['Comedy,Fantasy,Romance']","[[{'movieId': 3087, 'title': 'Scrooged (1988)', 'imdbId': 96061, 'tmdbId': 9647}]]"
173,"['Comedy,Drama,Romance,War']","[[{'movieId': 356, 'title': 'Forrest Gump (1994)', 'imdbId': 109830, 'tmdbId': 13}]]"
174,"['Action,Adventure,Mystery,Thriller']","[[{'movieId': 648, 'title': 'Mission: Impossible (1996)', 'imdbId': 117060, 'tmdbId': 954}]]"
175,"['Children,Comedy,Drama']","[[{'movieId': 32289, 'title': 'Ice Princess (2005)', 'imdbId': 396652, 'tmdbId': 13374}]]"
176,"['Action,Adventure,Comedy,Romance,Thriller']","[[{'movieId': 380, 'title': 'True Lies (1994)', 'imdbId': 111503, 'tmdbId': 36955}]]"
177,"['Action,Adventure,Comedy,Fantasy,Romance']","[[{'movieId': 1197, 'title': 'Princess Bride, The (1987)', 'imdbId': 93779, 'tmdbId': 2493}]]"
178,"['Action,Adventure,Crime,Drama,Thriller']","[[{'movieId': 6016, 'title': 'City of God (Cidade de Deus) (2002)', 'imdbId': 317248, 'tmdbId': 598}]]"
179,"['Action,Adventure,Romance,Thriller']","[[{'movieId': 736, 'title': 'Twister (1996)', 'imdbId': 117998, 'tmdbId': 664}]]"
180,"['Action,Adventure']","[[{'movieId': 1198, 'title': 'Raiders of the Lost Ark (Indiana Jones and the Raiders of the Lost Ark) (1981)', 'imdbId': 82971, 'tmdbId': 85}]]"
181,"['Action,Adventure,Sci-Fi,Thriller']","[[{'movieId': 480, 'title': 'Jurassic Park (1993)', 'imdbId': 107290, 'tmdbId': 329}]]"
182,"['Action,Adventure,Animation,Drama,Fantasy']","[[{'movieId': 3000, 'title': 'Princess Mononoke (Mononoke-hime) (1997)', 'imdbId': 119698, 'tmdbId': 128}]]"
183,"['Action,Adventure,Drama']","[[{'movieId': 1287, 'title': 'Ben-Hur (1959)', 'imdbId': 52618, 'tmdbId': 665}]]"
184,"['Action,Adventure,Animation,Children,Comedy,Fantasy']","[[{'movieId': 108932, 'title': 'The Lego Movie (2014)', 'imdbId': 1490017, 'tmdbId': 137106}]]"
185,"['Comedy,Musical,Romance']","[[{'movieId': 899, 'title': ""Singin' in the Rain (1952)"", 'imdbId': 45152, 'tmdbId': 872}]]"
186,"['Action,Adventure,Children,Comedy']","[[{'movieId': 4232, 'title': 'Spy Kids (2001)', 'imdbId': 227538, 'tmdbId': 10054}]]"
187,"['Action,Adventure,Animation,Children,Fantasy,Sci-Fi']","[[{'movieId': 6350, 'title': 'Laputa: Castle in the Sky (Tenkû no shiro Rapyuta) (1986)', 'imdbId': 92067, 'tmdbId': 10515}]]"
188,"['Adventure,Children,Fantasy,Musical']","[[{'movieId': 919, 'title': 'Wizard of Oz, The (1939)', 'imdbId': 32138, 'tmdbId': 630}]]"
189,"['Action,Crime,Drama,IMAX']","[[{'movieId': 58559, 'title': 'Dark Knight, The (2008)', 'imdbId': 468569, 'tmdbId': 155}]]"
190,"['Action,Adventure,Crime,Drama,Thriller']","[[{'movieId': 6016, 'title': 'City of God (Cidade de Deus) (2002)', 'imdbId': 317248, 'tmdbId': 598}]]"
191,"['Action,Crime,Drama,Thriller']","[[{'movieId': 293, 'title': 'Léon: The Professional (a.k.a. The Professional) (Léon) (1994)', 'imdbId': 110413, 'tmdbId': 101}]]"
192,"['Action,Adventure,Comedy,Romance,Thriller']","[[{'movieId': 380, 'title': 'True Lies (1994)', 'imdbId': 111503, 'tmdbId': 36955}]]"
193,"['Action,Adventure,Mystery,Romance,Thriller']","[[{'movieId': 908, 'title': 'North by Northwest (1959)', 'imdbId': 53125, 'tmdbId': 213}]]"
194,"['Action,Adventure,Comedy,Romance']","[[{'movieId': 552, 'title': 'Three Musketeers, The (1993)', 'imdbId': 108333, 'tmdbId': 10057}, {'movieId': 2406, 'title': 'Romancing the Stone (1984)', 'imdbId': 88011, 'tmdbId': 9326}]]"
195,"['Action,Adventure,Mystery,Romance,Thriller']","[[{'movieId': 908, 'title': 'North by Northwest (1959)', 'imdbId': 53125, 'tmdbId': 213}]]"
196,"['Action,Adventure,Drama']","[[{'movieId': 3578, 'title': 'Gladiator (2000)', 'imdbId': 172495, 'tmdbId': 98}]]"
197,"['Action,Adventure,Sci-Fi']","[[{'movieId': 2628, 'title': 'Star Wars: Episode I - The Phantom Menace (1999)', 'imdbId': 120915, 'tmdbId': 1893}]]"
198,"['Action,Adventure,Comedy,Fantasy,Romance']","[[{'movieId': 1197, 'title': 'Princess Bride, The (1987)', 'imdbId': 93779, 'tmdbId': 2493}]]"
199,"['Action,Horror']","[[{'movieId': 1387, 'title': 'Jaws (1975)', 'imdbId': 73195, 'tmdbId': 578}]]"
200,"['Action,Adventure,Comedy,Fantasy,Romance']","[[{'movieId': 1197, 'title': 'Princess Bride, The (1987)', 'imdbId': 93779, 'tmdbId': 2493}]]"
201,"['Action,Adventure']","[[{'movieId': 1198, 'title': 'Raiders of the Lost Ark (Indiana Jones and the Raiders of the Lost Ark) (1981)', 'imdbId': 82971, 'tmdbId': 85}, {'movieId': 1291, 'title': 'Indiana Jones and the Last Crusade (1989)', 'imdbId': 97576, 'tmdbId': 89}]]"
202,"['Action,Adventure,Comedy,Thriller']","[[{'movieId': 1429, 'title': 'First Strike (Police Story 4: First Strike) (Ging chaat goo si 4: Ji gaan daan yam mo) (1996)', 'imdbId': 116704, 'tmdbId': 9404}]]"
203,"['Action,Adventure,Drama']","[[{'movieId': 3578, 'title': 'Gladiator (2000)', 'imdbId': 172495, 'tmdbId': 98}]]"
204,"['Action,Sci-Fi,Thriller,IMAX']","[[{'movieId': 44191, 'title': 'V for Vendetta (2006)', 'imdbId': 434409, 'tmdbId': 752}]]"
205,['Documentary'],"[[{'movieId': 71462, 'title': 'Cove, The (2009)', 'imdbId': 1313104, 'tmdbId': 23128}]]"
206,"['Adventure,Animation,Children,Comedy,Fantasy']","[[{'movieId': 1, 'title': 'Toy Story (1995)', 'imdbId': 114709, 'tmdbId': 862}]]"
207,"['Drama,Romance']","[[{'movieId': 2858, 'title': 'American Beauty (1999)', 'imdbId': 169547, 'tmdbId': 14}]]"
208,"['Action,Sci-Fi,Thriller']","[[{'movieId': 2571, 'title': 'Matrix, The (1999)', 'imdbId': 133093, 'tmdbId': 603}]]"
209,"['Action,Adventure']","[[{'movieId': 1198, 'title': 'Raiders of the Lost Ark (Indiana Jones and the Raiders of the Lost Ark) (1981)', 'imdbId': 82971, 'tmdbId': 85}, {'movieId': 1291, 'title': 'Indiana Jones and the Last Crusade (1989)', 'imdbId': 97576, 'tmdbId': 89}]]"
210,"['Action,Adventure,Animation']","[[{'movieId': 112175, 'title': 'How to Train Your Dragon 2 (2014)', 'imdbId': 1646971, 'tmdbId': 82702}]]"
211,"['Action,Adventure,Crime,IMAX']","[[{'movieId': 91529, 'title': 'Dark Knight Rises, The (2012)', 'imdbId': 1345836, 'tmdbId': 49026}]]"
213,"['Action,Sci-Fi']","[[{'movieId': 589, 'title': 'Terminator 2: Judgment Day (1991)', 'imdbId': 103064, 'tmdbId': 280}]]"
214,"['Action,Adventure,Mystery,Thriller']","[[{'movieId': 648, 'title': 'Mission: Impossible (1996)', 'imdbId': 117060, 'tmdbId': 954}]]"
215,"['Action,Drama,Thriller']","[[{'movieId': 5782, 'title': 'Professional, The (Le professionnel) (1981)', 'imdbId': 82949, 'tmdbId': 1672}]]"
216,"['Action,Adventure']","[[{'movieId': 1198, 'title': 'Raiders of the Lost Ark (Indiana Jones and the Raiders of the Lost Ark) (1981)', 'imdbId': 82971, 'tmdbId': 85}]]"
217,"['Action,Adventure,Mystery,Thriller']","[[{'movieId': 648, 'title': 'Mission: Impossible (1996)', 'imdbId': 117060, 'tmdbId': 954}]]"
218,"['Comedy,War']","[[{'movieId': 750, 'title': 'Dr. Strangelove or: How I Learned to Stop Worrying and Love the Bomb (1964)', 'imdbId': 57012, 'tmdbId': 935}]]"
219,"['Action,Adventure,Animation,Drama,Fantasy']","[[{'movieId': 3000, 'title': 'Princess Mononoke (Mononoke-hime) (1997)', 'imdbId': 119698, 'tmdbId': 128}]]"
220,"['Action,Adventure,Comedy,Fantasy']","[[{'movieId': 6539, 'title': 'Pirates of the Caribbean: The Curse of the Black Pearl (2003)', 'imdbId': 325980, 'tmdbId': 22}]]"
221,"['Action,Adventure,Crime,Drama,Thriller']","[[{'movieId': 6016, 'title': 'City of God (Cidade de Deus) (2002)', 'imdbId': 317248, 'tmdbId': 598}]]"
222,"['Action,Comedy,Musical']","[[{'movieId': 1220, 'title': 'Blues Brothers, The (1980)', 'imdbId': 80455, 'tmdbId': 525}]]"
223,"['Drama,Fantasy,Thriller']","[[{'movieId': 48394, 'title': ""Pan's Labyrinth (Laberinto del fauno, El) (2006)"", 'imdbId': 457430, 'tmdbId': 1417}]]"
224,"['Action,Adventure,Comedy,Fantasy,Romance']","[[{'movieId': 1197, 'title': 'Princess Bride, The (1987)', 'imdbId': 93779, 'tmdbId': 2493}]]"
225,"['Action,Horror']","[[{'movieId': 1387, 'title': 'Jaws (1975)', 'imdbId': 73195, 'tmdbId': 578}]]"
226,"['Action,Adventure,Crime,Thriller']","[[{'movieId': 170, 'title': 'Hackers (1995)', 'imdbId': 113243, 'tmdbId': 10428}]]"
227,"['Action,Crime,Drama']","[[{'movieId': 85342, 'title': 'Elite Squad: The Enemy Within (Tropa de Elite 2 - O Inimigo Agora É Outro) (2010)', 'imdbId': 1555149, 'tmdbId': 47931}]]"
228,"['Action,Adventure,Drama']","[[{'movieId': 1801, 'title': 'Man in the Iron Mask, The (1998)', 'imdbId': 120744, 'tmdbId': 9313}, {'movieId': 2013, 'title': 'Poseidon Adventure, The (1972)', 'imdbId': 69113, 'tmdbId': 551}]]"
229,"['Action,Comedy,Romance']","[[{'movieId': 236, 'title': 'French Kiss (1995)', 'imdbId': 113117, 'tmdbId': 397}]]"
230,"['Action,Adventure,Comedy,Fantasy']","[[{'movieId': 6539, 'title': 'Pirates of the Caribbean: The Curse of the Black Pearl (2003)', 'imdbId': 325980, 'tmdbId': 22}]]"
231,"['Action,Adventure,Horror,Sci-Fi']","[[{'movieId': 1200, 'title': 'Aliens (1986)', 'imdbId': 90605, 'tmdbId': 679}]]"
232,"['Action,Crime,Drama,IMAX']","[[{'movieId': 58559, 'title': 'Dark Knight, The (2008)', 'imdbId': 468569, 'tmdbId': 155}]]"
233,"['Drama,Romance,Sci-Fi']","[[{'movieId': 7361, 'title': 'Eternal Sunshine of the Spotless Mind (2004)', 'imdbId': 338013, 'tmdbId': 38}]]"
234,"['Action,Adventure,Comedy,Crime']","[[{'movieId': 153, 'title': 'Batman Forever (1995)', 'imdbId': 112462, 'tmdbId': 414}]]"
235,"['Action,Romance,Thriller']","[[{'movieId': 377, 'title': 'Speed (1994)', 'imdbId': 111257, 'tmdbId': 1637}]]"
236,"['Action,Adventure,Comedy']","[[{'movieId': 2683, 'title': 'Austin Powers: The Spy Who Shagged Me (1999)', 'imdbId': 145660, 'tmdbId': 817}]]"
237,"['Mystery,Sci-Fi,Thriller']","[[{'movieId': 32, 'title': 'Twelve Monkeys (a.k.a. 12 Monkeys) (1995)', 'imdbId': 114746, 'tmdbId': 63}]]"
238,"['Crime,Drama,Mystery,Thriller']","[[{'movieId': 2023, 'title': 'Godfather: Part III, The (1990)', 'imdbId': 99674, 'tmdbId': 242}]]"
239,"['Action,Adventure,Drama,Fantasy']","[[{'movieId': 7153, 'title': 'Lord of the Rings: The Return of the King, The (2003)', 'imdbId': 167260, 'tmdbId': 122}]]"
240,"['Action,Adventure,Romance,Thriller']","[[{'movieId': 736, 'title': 'Twister (1996)', 'imdbId': 117998, 'tmdbId': 664}]]"
241,"['Comedy,Romance']","[[{'movieId': 4973, 'title': ""Amelie (Fabuleux destin d'Amélie Poulain, Le) (2001)"", 'imdbId': 211915, 'tmdbId': 194}]]"
242,"['Comedy,Crime,Drama,Thriller']","[[{'movieId': 296, 'title': 'Pulp Fiction (1994)', 'imdbId': 110912, 'tmdbId': 680}]]"
243,"['Action,Adventure,Mystery,Thriller']","[[{'movieId': 648, 'title': 'Mission: Impossible (1996)', 'imdbId': 117060, 'tmdbId': 954}]]"
244,"['Action,Adventure,Comedy,Fantasy,Romance']","[[{'movieId': 1197, 'title': 'Princess Bride, The (1987)', 'imdbId': 93779, 'tmdbId': 2493}]]"
245,"['Adventure,Animation,Children,Comedy,Fantasy']","[[{'movieId': 3114, 'title': 'Toy Story 2 (1999)', 'imdbId': 120363, 'tmdbId': 863}]]"
246,"['Action,Adventure,Animation,Children,Comedy,Western']","[[{'movieId': 84944, 'title': 'Rango (2011)', 'imdbId': 1192628, 'tmdbId': 44896}]]"
247,"['Action,Adventure,Comedy,Fantasy,Romance']","[[{'movieId': 1197, 'title': 'Princess Bride, The (1987)', 'imdbId': 93779, 'tmdbId': 2493}]]"
248,"['Action,Adventure,Animation,Children,Comedy']","[[{'movieId': 8961, 'title': 'Incredibles, The (2004)', 'imdbId': 317705, 'tmdbId': 9806}]]"
249,"['Action,Adventure,Western']","[[{'movieId': 1201, 'title': 'Good, the Bad and the Ugly, The (Buono, il brutto, il cattivo, Il) (1966)', 'imdbId': 60196, 'tmdbId': 429}]]"
250,"['Adventure,Crime,Drama']","[[{'movieId': 3418, 'title': 'Thelma & Louise (1991)', 'imdbId': 103074, 'tmdbId': 1541}]]"
251,"['Action,Adventure,Comedy,Fantasy,Romance']","[[{'movieId': 1197, 'title': 'Princess Bride, The (1987)', 'imdbId': 93779, 'tmdbId': 2493}]]"
252,"['Adventure,Animation,Children,Comedy']","[[{'movieId': 6377, 'title': 'Finding Nemo (2003)', 'imdbId': 266543, 'tmdbId': 12}]]"
253,"['Adventure,Animation,Drama,Fantasy,Sci-Fi']","[[{'movieId': 7099, 'title': 'Nausicaä of the Valley of the Wind (Kaze no tani no Naushika) (1984)', 'imdbId': 87544, 'tmdbId': 81}]]"
254,"['Action,Crime,Film-Noir,Mystery,Thriller']","[[{'movieId': 32587, 'title': 'Sin City (2005)', 'imdbId': 401792, 'tmdbId': 187}]]"
255,"['Action,Adventure,Sci-Fi']","[[{'movieId': 1210, 'title': 'Star Wars: Episode VI - Return of the Jedi (1983)', 'imdbId': 86190, 'tmdbId': 1892}]]"
256,"['Action,Adventure']","[[{'movieId': 1198, 'title': 'Raiders of the Lost Ark (Indiana Jones and the Raiders of the Lost Ark) (1981)', 'imdbId': 82971, 'tmdbId': 85}]]"
257,"['Action,Adventure,Comedy,Crime']","[[{'movieId': 112, 'title': 'Rumble in the Bronx (Hont faan kui) (1995)', 'imdbId': 113326, 'tmdbId': 33542}]]"
258,"['Action,Adventure,Comedy,Fantasy,Romance']","[[{'movieId': 1197, 'title': 'Princess Bride, The (1987)', 'imdbId': 93779, 'tmdbId': 2493}]]"
259,"['Adventure,Animation,Children,Comedy,Fantasy,Romance']","[[{'movieId': 4306, 'title': 'Shrek (2001)', 'imdbId': 126029, 'tmdbId': 808}]]"
260,"['Adventure,Animation,Comedy']","[[{'movieId': 720, 'title': 'Wallace & Gromit: The Best of Aardman Animation (1996)', 'imdbId': 118114, 'tmdbId': 503475}]]"
261,"['Action,Crime,Drama']","[[{'movieId': 2194, 'title': 'Untouchables, The (1987)', 'imdbId': 94226, 'tmdbId': 117}]]"
262,"['Drama,Horror,Sci-Fi']","[[{'movieId': 273, 'title': ""Mary Shelley's Frankenstein (Frankenstein) (1994)"", 'imdbId': 109836, 'tmdbId': 3036}]]"
263,"['Adventure,Animation,Children,Comedy,Sci-Fi']","[[{'movieId': 1223, 'title': 'Grand Day Out with Wallace and Gromit, A (1989)', 'imdbId': 104361, 'tmdbId': 530}]]"
264,"['Adventure,Drama,War']","[[{'movieId': 1250, 'title': 'Bridge on the River Kwai, The (1957)', 'imdbId': 50212, 'tmdbId': 826}]]"
265,"['Action,Adventure']","[[{'movieId': 1198, 'title': 'Raiders of the Lost Ark (Indiana Jones and the Raiders of the Lost Ark) (1981)', 'imdbId': 82971, 'tmdbId': 85}]]"
266,"['Action,Adventure']","[[{'movieId': 1198, 'title': 'Raiders of the Lost Ark (Indiana Jones and the Raiders of the Lost Ark) (1981)', 'imdbId': 82971, 'tmdbId': 85}, {'movieId': 1291, 'title': 'Indiana Jones and the Last Crusade (1989)', 'imdbId': 97576, 'tmdbId': 89}]]"
267,"['Action,Adventure,Comedy,Fantasy,Romance']","[[{'movieId': 1197, 'title': 'Princess Bride, The (1987)', 'imdbId': 93779, 'tmdbId': 2493}]]"
268,"['Action,Adventure,Comedy,Fantasy,Romance']","[[{'movieId': 1197, 'title': 'Princess Bride, The (1987)', 'imdbId': 93779, 'tmdbId': 2493}]]"
269,"['Action,Crime,Thriller']","[[{'movieId': 6, 'title': 'Heat (1995)', 'imdbId': 113277, 'tmdbId': 949}]]"
270,"['Adventure,Animation,Children,Comedy,Fantasy']","[[{'movieId': 1, 'title': 'Toy Story (1995)', 'imdbId': 114709, 'tmdbId': 862}]]"
271,"['Action,Adventure,Horror,Sci-Fi']","[[{'movieId': 1200, 'title': 'Aliens (1986)', 'imdbId': 90605, 'tmdbId': 679}]]"
272,"['Adventure,Animation,Children']","[[{'movieId': 177765, 'title': 'Coco (2017)', 'imdbId': 2380307, 'tmdbId': 354912}]]"
273,"['Action,Sci-Fi']","[[{'movieId': 589, 'title': 'Terminator 2: Judgment Day (1991)', 'imdbId': 103064, 'tmdbId': 280}]]"
274,"['Action,Comedy,Crime,Mystery']","[[{'movieId': 51255, 'title': 'Hot Fuzz (2007)', 'imdbId': 425112, 'tmdbId': 4638}]]"
275,"['Action,Adventure,Comedy,Drama,War']","[[{'movieId': 2890, 'title': 'Three Kings (1999)', 'imdbId': 120188, 'tmdbId': 6415}]]"
276,"['Action,Adventure,Mystery,Thriller']","[[{'movieId': 648, 'title': 'Mission: Impossible (1996)', 'imdbId': 117060, 'tmdbId': 954}]]"
277,"['Action,Comedy,Sci-Fi']","[[{'movieId': 1391, 'title': 'Mars Attacks! (1996)', 'imdbId': 116996, 'tmdbId': 75}]]"
278,"['Animation,Comedy']","[[{'movieId': 54272, 'title': 'Simpsons Movie, The (2007)', 'imdbId': 462538, 'tmdbId': 35}]]"
279,"['Action,Adventure,Crime,IMAX']","[[{'movieId': 91529, 'title': 'Dark Knight Rises, The (2012)', 'imdbId': 1345836, 'tmdbId': 49026}]]"
280,"['Action,Adventure,Drama,Sci-Fi,Thriller']","[[{'movieId': 91500, 'title': 'The Hunger Games (2012)', 'imdbId': 1392170, 'tmdbId': 70160}]]"
281,"['Action,Comedy,Crime,Thriller']","[[{'movieId': 7325, 'title': 'Starsky & Hutch (2004)', 'imdbId': 335438, 'tmdbId': 9384}]]"
282,"['Action,Adventure,Animation,Children,Comedy']","[[{'movieId': 8961, 'title': 'Incredibles, The (2004)', 'imdbId': 317705, 'tmdbId': 9806}]]"
283,"['Action,Drama,War']","[[{'movieId': 110, 'title': 'Braveheart (1995)', 'imdbId': 112573, 'tmdbId': 197}]]"
284,"['Action,Adventure,Sci-Fi,Thriller']","[[{'movieId': 480, 'title': 'Jurassic Park (1993)', 'imdbId': 107290, 'tmdbId': 329}]]"
285,"['Crime,Drama,Thriller']","[[{'movieId': 111, 'title': 'Taxi Driver (1976)', 'imdbId': 75314, 'tmdbId': 103}]]"
286,"['Action,Adventure,Drama,Fantasy']","[[{'movieId': 7153, 'title': 'Lord of the Rings: The Return of the King, The (2003)', 'imdbId': 167260, 'tmdbId': 122}]]"
287,"['Comedy,Drama,Musical']","[[{'movieId': 4642, 'title': 'Hedwig and the Angry Inch (2000)', 'imdbId': 248845, 'tmdbId': 13403}]]"
288,"['Action,Adventure']","[[{'movieId': 1198, 'title': 'Raiders of the Lost Ark (Indiana Jones and the Raiders of the Lost Ark) (1981)', 'imdbId': 82971, 'tmdbId': 85}, {'movieId': 1291, 'title': 'Indiana Jones and the Last Crusade (1989)', 'imdbId': 97576, 'tmdbId': 89}]]"
289,"['Drama,War']","[[{'movieId': 7025, 'title': 'Midnight Clear, A (1992)', 'imdbId': 102443, 'tmdbId': 23908}]]"
290,"['Action,Adventure']","[[{'movieId': 1198, 'title': 'Raiders of the Lost Ark (Indiana Jones and the Raiders of the Lost Ark) (1981)', 'imdbId': 82971, 'tmdbId': 85}]]"
291,"['Action,Adventure,Comedy,Sci-Fi']","[[{'movieId': 122904, 'title': 'Deadpool (2016)', 'imdbId': 1431045, 'tmdbId': 293660}]]"
292,"['Adventure,Animation,Children,Drama,Sci-Fi']","[[{'movieId': 2761, 'title': 'Iron Giant, The (1999)', 'imdbId': 129167, 'tmdbId': 10386}]]"
293,"['Comedy,Drama,Sci-Fi']","[[{'movieId': 1682, 'title': 'Truman Show, The (1998)', 'imdbId': 120382, 'tmdbId': 37165}]]"
294,"['Adventure,Comedy,Drama']","[[{'movieId': 1884, 'title': 'Fear and Loathing in Las Vegas (1998)', 'imdbId': 120669, 'tmdbId': 1878}]]"
295,"['Action,Comedy,Horror,Thriller']","[[{'movieId': 70, 'title': 'From Dusk Till Dawn (1996)', 'imdbId': 116367, 'tmdbId': 755}]]"
296,"['Action,Adventure,Western']","[[{'movieId': 1201, 'title': 'Good, the Bad and the Ugly, The (Buono, il brutto, il cattivo, Il) (1966)', 'imdbId': 60196, 'tmdbId': 429}]]"
297,"['Comedy,Crime']","[[{'movieId': 1732, 'title': 'Big Lebowski, The (1998)', 'imdbId': 118715, 'tmdbId': 115}]]"
298,"['Action,Adventure,Children,Comedy,Fantasy']","[[{'movieId': 2005, 'title': 'Goonies, The (1985)', 'imdbId': 89218, 'tmdbId': 9340}]]"
299,"['Action,Adventure,Drama']","[[{'movieId': 3578, 'title': 'Gladiator (2000)', 'imdbId': 172495, 'tmdbId': 98}]]"
300,"['Action,Adventure,Crime,Drama,Thriller']","[[{'movieId': 6016, 'title': 'City of God (Cidade de Deus) (2002)', 'imdbId': 317248, 'tmdbId': 598}]]"
301,"['Drama,Mystery,Sci-Fi,Thriller']","[[{'movieId': 48780, 'title': 'Prestige, The (2006)', 'imdbId': 482571, 'tmdbId': 1124}]]"
302,"['Action,Adventure']","[[{'movieId': 1198, 'title': 'Raiders of the Lost Ark (Indiana Jones and the Raiders of the Lost Ark) (1981)', 'imdbId': 82971, 'tmdbId': 85}]]"
303,"['Action,Adventure,Horror,Sci-Fi']","[[{'movieId': 1200, 'title': 'Aliens (1986)', 'imdbId': 90605, 'tmdbId': 679}]]"
304,"['Action,Adventure,Comedy,Fantasy,Romance']","[[{'movieId': 1197, 'title': 'Princess Bride, The (1987)', 'imdbId': 93779, 'tmdbId': 2493}]]"
305,"['Action,Adventure,Comedy,Crime,Thriller']","[[{'movieId': 80219, 'title': 'Machete (2010)', 'imdbId': 985694, 'tmdbId': 23631}]]"
306,"['Action,Comedy,Crime']","[[{'movieId': 103372, 'title': 'Heat, The (2013)', 'imdbId': 2404463, 'tmdbId': 136795}, {'movieId': 134368, 'title': 'Spy (2015)', 'imdbId': 3079380, 'tmdbId': 238713}]]"
307,"['Action,Adventure,Comedy,Fantasy,Horror']","[[{'movieId': 1215, 'title': 'Army of Darkness (1993)', 'imdbId': 106308, 'tmdbId': 766}]]"
308,"['Adventure,Drama']","[[{'movieId': 117192, 'title': 'Doctor Who: The Time of the Doctor (2013)', 'imdbId': 2986512, 'tmdbId': 282848}]]"
309,"['Action,Adventure,Drama']","[[{'movieId': 2019, 'title': 'Seven Samurai (Shichinin no samurai) (1954)', 'imdbId': 47478, 'tmdbId': 346}]]"
310,"['Action,Drama,War']","[[{'movieId': 1233, 'title': 'Boot, Das (Boat, The) (1981)', 'imdbId': 82096, 'tmdbId': 387}, {'movieId': 2944, 'title': 'Dirty Dozen, The (1967)', 'imdbId': 61578, 'tmdbId': 1654}, {'movieId': 5899, 'title': 'Zulu (1964)', 'imdbId': 58777, 'tmdbId': 14433}]]"
311,"['Action,Adventure,Sci-Fi,Thriller,IMAX']","[[{'movieId': 6365, 'title': 'Matrix Reloaded, The (2003)', 'imdbId': 234215, 'tmdbId': 604}]]"
312,"['Action,Adventure,Comedy,Fantasy,Horror']","[[{'movieId': 1215, 'title': 'Army of Darkness (1993)', 'imdbId': 106308, 'tmdbId': 766}]]"
313,"['Action,Adventure,Animation,Horror,Sci-Fi']","[[{'movieId': 610, 'title': 'Heavy Metal (1981)', 'imdbId': 82509, 'tmdbId': 11827}]]"
314,"['Action,Crime,Drama,War']","[[{'movieId': 647, 'title': 'Courage Under Fire (1996)', 'imdbId': 115956, 'tmdbId': 10684}]]"
315,"['Comedy,Drama,Romance']","[[{'movieId': 909, 'title': 'Apartment, The (1960)', 'imdbId': 53604, 'tmdbId': 284}, {'movieId': 1247, 'title': 'Graduate, The (1967)', 'imdbId': 61722, 'tmdbId': 37247}]]"
316,"['Action,Crime,Mystery,Sci-Fi,Thriller']","[[{'movieId': 5445, 'title': 'Minority Report (2002)', 'imdbId': 181689, 'tmdbId': 180}]]"
317,"['Action,Crime,Drama']","[[{'movieId': 4262, 'title': 'Scarface (1983)', 'imdbId': 86250, 'tmdbId': 111}]]"
318,"['Action,Adventure,Animation,Sci-Fi']","[[{'movieId': 1274, 'title': 'Akira (1988)', 'imdbId': 94625, 'tmdbId': 149}]]"
319,"['Action,Crime,Drama,IMAX']","[[{'movieId': 58559, 'title': 'Dark Knight, The (2008)', 'imdbId': 468569, 'tmdbId': 155}]]"
320,['Action'],"[[{'movieId': 4387, 'title': 'Kiss of the Dragon (2001)', 'imdbId': 271027, 'tmdbId': 2140}]]"
321,"['Action,Adventure,Comedy,Crime']","[[{'movieId': 153, 'title': 'Batman Forever (1995)', 'imdbId': 112462, 'tmdbId': 414}]]"
322,"['Drama,Romance,Thriller']","[[{'movieId': 44555, 'title': 'Lives of Others, The (Das leben der Anderen) (2006)', 'imdbId': 405094, 'tmdbId': 582}]]"
324,"['Action,Comedy']","[[{'movieId': 3972, 'title': 'Legend of Drunken Master, The (Jui kuen II) (1994)', 'imdbId': 111512, 'tmdbId': 12207}]]"
325,"['Action,Adventure,Comedy,Drama,Romance,Thriller']","[[{'movieId': 4956, 'title': 'Stunt Man, The (1980)', 'imdbId': 81568, 'tmdbId': 42160}]]"
326,"['Action,Adventure,Crime,Drama,Thriller']","[[{'movieId': 6016, 'title': 'City of God (Cidade de Deus) (2002)', 'imdbId': 317248, 'tmdbId': 598}]]"
327,"['Action,Western']","[[{'movieId': 1304, 'title': 'Butch Cassidy and the Sundance Kid (1969)', 'imdbId': 64115, 'tmdbId': 642}]]"
328,"['Action,Comedy,Crime,Mystery']","[[{'movieId': 51255, 'title': 'Hot Fuzz (2007)', 'imdbId': 425112, 'tmdbId': 4638}]]"
329,"['Adventure,Comedy,Drama']","[[{'movieId': 1884, 'title': 'Fear and Loathing in Las Vegas (1998)', 'imdbId': 120669, 'tmdbId': 1878}]]"
330,"['Action,Comedy,Fantasy,Musical,Romance']","[[{'movieId': 79702, 'title': 'Scott Pilgrim vs. the World (2010)', 'imdbId': 446029, 'tmdbId': 22538}]]"
331,"['Action,Adventure,Comedy,Sci-Fi']","[[{'movieId': 122904, 'title': 'Deadpool (2016)', 'imdbId': 1431045, 'tmdbId': 293660}]]"
332,"['Comedy,Fantasy,Romance']","[[{'movieId': 1265, 'title': 'Groundhog Day (1993)', 'imdbId': 107048, 'tmdbId': 137}]]"
333,"['Action,Adventure,Comedy,Western']","[[{'movieId': 3624, 'title': 'Shanghai Noon (2000)', 'imdbId': 184894, 'tmdbId': 8584}]]"
334,"['Action,Adventure']","[[{'movieId': 1198, 'title': 'Raiders of the Lost Ark (Indiana Jones and the Raiders of the Lost Ark) (1981)', 'imdbId': 82971, 'tmdbId': 85}, {'movieId': 1291, 'title': 'Indiana Jones and the Last Crusade (1989)', 'imdbId': 97576, 'tmdbId': 89}]]"
335,"['Action,Adventure,Sci-Fi']","[[{'movieId': 1196, 'title': 'Star Wars: Episode V - The Empire Strikes Back (1980)', 'imdbId': 80684, 'tmdbId': 1891}]]"
336,"['Action,Crime,Mystery,Sci-Fi,Thriller']","[[{'movieId': 5445, 'title': 'Minority Report (2002)', 'imdbId': 181689, 'tmdbId': 180}]]"
337,['Action'],"[[{'movieId': 9, 'title': 'Sudden Death (1995)', 'imdbId': 114576, 'tmdbId': 9091}, {'movieId': 667, 'title': 'Bloodsport 2 (a.k.a. Bloodsport II: The Next Kumite) (1996)', 'imdbId': 112536, 'tmdbId': 25087}]]"
338,"['Drama,Horror,Mystery,Sci-Fi,Thriller']","[[{'movieId': 174053, 'title': 'Black Mirror: White Christmas (2014)', 'imdbId': 3973198, 'tmdbId': 374430}]]"
339,"['Action,Adventure,Crime,Drama,Thriller']","[[{'movieId': 6016, 'title': 'City of God (Cidade de Deus) (2002)', 'imdbId': 317248, 'tmdbId': 598}]]"
340,"['Action,Adventure,Sci-Fi,Thriller']","[[{'movieId': 480, 'title': 'Jurassic Park (1993)', 'imdbId': 107290, 'tmdbId': 329}, {'movieId': 780, 'title': 'Independence Day (a.k.a. ID4) (1996)', 'imdbId': 116629, 'tmdbId': 602}, {'movieId': 1356, 'title': 'Star Trek: First Contact (1996)', 'imdbId': 117731, 'tmdbId': 199}]]"
341,"['Adventure,Animation,Children,Comedy,Fantasy']","[[{'movieId': 1, 'title': 'Toy Story (1995)', 'imdbId': 114709, 'tmdbId': 862}]]"
342,"['Action,Adventure']","[[{'movieId': 1198, 'title': 'Raiders of the Lost Ark (Indiana Jones and the Raiders of the Lost Ark) (1981)', 'imdbId': 82971, 'tmdbId': 85}]]"
343,"['Action,Adventure,Crime,Drama,Thriller']","[[{'movieId': 6016, 'title': 'City of God (Cidade de Deus) (2002)', 'imdbId': 317248, 'tmdbId': 598}]]"
344,"['Action,Adventure,Comedy,Romance,Thriller']","[[{'movieId': 380, 'title': 'True Lies (1994)', 'imdbId': 111503, 'tmdbId': 36955}]]"
345,"['Drama,Fantasy,Musical']","[[{'movieId': 2971, 'title': 'All That Jazz (1979)', 'imdbId': 78754, 'tmdbId': 16858}]]"
346,"['Crime,Horror']","[[{'movieId': 1219, 'title': 'Psycho (1960)', 'imdbId': 54215, 'tmdbId': 539}]]"
347,"['Adventure,Animation,Children,Comedy,Fantasy']","[[{'movieId': 1, 'title': 'Toy Story (1995)', 'imdbId': 114709, 'tmdbId': 862}]]"
348,"['Action,Adventure,Crime,Drama,Thriller']","[[{'movieId': 6016, 'title': 'City of God (Cidade de Deus) (2002)', 'imdbId': 317248, 'tmdbId': 598}]]"
349,"['Action,Crime,Drama,Thriller']","[[{'movieId': 349, 'title': 'Clear and Present Danger (1994)', 'imdbId': 109444, 'tmdbId': 9331}]]"
350,"['Action,Adventure,Sci-Fi']","[[{'movieId': 260, 'title': 'Star Wars: Episode IV - A New Hope (1977)', 'imdbId': 76759, 'tmdbId': 11}, {'movieId': 1210, 'title': 'Star Wars: Episode VI - Return of the Jedi (1983)', 'imdbId': 86190, 'tmdbId': 1892}]]"
351,"['Drama,Mystery,War']","[[{'movieId': 86781, 'title': 'Incendies (2010)', 'imdbId': 1255953, 'tmdbId': 46738}]]"
352,"['Action,Adventure,Crime,Drama,Thriller,War']","[[{'movieId': 49530, 'title': 'Blood Diamond (2006)', 'imdbId': 450259, 'tmdbId': 1372}]]"
353,"['Adventure,Animation,Children,Comedy,Fantasy']","[[{'movieId': 1, 'title': 'Toy Story (1995)', 'imdbId': 114709, 'tmdbId': 862}]]"
354,"['Action,Adventure,Animation,Children,Comedy']","[[{'movieId': 8961, 'title': 'Incredibles, The (2004)', 'imdbId': 317705, 'tmdbId': 9806}]]"
355,"['Action,Adventure']","[[{'movieId': 1198, 'title': 'Raiders of the Lost Ark (Indiana Jones and the Raiders of the Lost Ark) (1981)', 'imdbId': 82971, 'tmdbId': 85}]]"
356,"['Action,Adventure,Comedy,Sci-Fi']","[[{'movieId': 1527, 'title': 'Fifth Element, The (1997)', 'imdbId': 119116, 'tmdbId': 18}]]"
357,"['Action,Adventure,Drama,Fantasy,Mystery,IMAX']","[[{'movieId': 88125, 'title': 'Harry Potter and the Deathly Hallows: Part 2 (2011)', 'imdbId': 1201607, 'tmdbId': 12445}]]"
358,"['Drama,Romance,War']","[[{'movieId': 55052, 'title': 'Atonement (2007)', 'imdbId': 783233, 'tmdbId': 4347}]]"
359,"['Adventure,Animation,Children,Comedy,Fantasy,Romance']","[[{'movieId': 4306, 'title': 'Shrek (2001)', 'imdbId': 126029, 'tmdbId': 808}]]"
360,"['Action,Thriller,War']","[[{'movieId': 1616, 'title': 'Peacemaker, The (1997)', 'imdbId': 119874, 'tmdbId': 6623}]]"
361,"['Action,Comedy,Fantasy,IMAX']","[[{'movieId': 46972, 'title': 'Night at the Museum (2006)', 'imdbId': 477347, 'tmdbId': 1593}]]"
362,"['Action,Adventure,Drama,Fantasy']","[[{'movieId': 7153, 'title': 'Lord of the Rings: The Return of the King, The (2003)', 'imdbId': 167260, 'tmdbId': 122}]]"
363,"['Comedy,Crime,Drama,Thriller']","[[{'movieId': 296, 'title': 'Pulp Fiction (1994)', 'imdbId': 110912, 'tmdbId': 680}]]"
364,"['Action,Thriller']","[[{'movieId': 376, 'title': 'River Wild, The (1994)', 'imdbId': 110997, 'tmdbId': 8987}]]"
365,"['Comedy,Fantasy']","[[{'movieId': 95441, 'title': 'Ted (2012)', 'imdbId': 1637725, 'tmdbId': 72105}]]"
366,"['Crime,Mystery,Thriller']","[[{'movieId': 1089, 'title': 'Reservoir Dogs (1992)', 'imdbId': 105236, 'tmdbId': 500}]]"
367,"['Action,Adventure']","[[{'movieId': 1198, 'title': 'Raiders of the Lost Ark (Indiana Jones and the Raiders of the Lost Ark) (1981)', 'imdbId': 82971, 'tmdbId': 85}]]"
368,"['Action,Adventure,Comedy,Fantasy,Romance']","[[{'movieId': 1197, 'title': 'Princess Bride, The (1987)', 'imdbId': 93779, 'tmdbId': 2493}]]"
369,"['Adventure,Comedy,Drama']","[[{'movieId': 1884, 'title': 'Fear and Loathing in Las Vegas (1998)', 'imdbId': 120669, 'tmdbId': 1878}]]"
370,"['Action,Adventure']","[[{'movieId': 1198, 'title': 'Raiders of the Lost Ark (Indiana Jones and the Raiders of the Lost Ark) (1981)', 'imdbId': 82971, 'tmdbId': 85}, {'movieId': 1291, 'title': 'Indiana Jones and the Last Crusade (1989)', 'imdbId': 97576, 'tmdbId': 89}]]"
371,"['Action,Adventure,Animation,Crime,Fantasy']","[[{'movieId': 55167, 'title': 'Tekkonkinkreet (Tekkon kinkurîto) (2006)', 'imdbId': 831888, 'tmdbId': 13754}]]"
372,"['Action,Adventure']","[[{'movieId': 1198, 'title': 'Raiders of the Lost Ark (Indiana Jones and the Raiders of the Lost Ark) (1981)', 'imdbId': 82971, 'tmdbId': 85}, {'movieId': 1291, 'title': 'Indiana Jones and the Last Crusade (1989)', 'imdbId': 97576, 'tmdbId': 89}]]"
373,"['Adventure,Animation,Children,Drama,Musical,IMAX']","[[{'movieId': 364, 'title': 'Lion King, The (1994)', 'imdbId': 110357, 'tmdbId': 8587}]]"
374,"['Action,Adventure,Comedy,Fantasy,Horror']","[[{'movieId': 1215, 'title': 'Army of Darkness (1993)', 'imdbId': 106308, 'tmdbId': 766}]]"
375,"['Action,Crime,Drama,Thriller']","[[{'movieId': 3256, 'title': 'Patriot Games (1992)', 'imdbId': 105112, 'tmdbId': 9869}]]"
376,"['Action,Adventure,Drama,Thriller,IMAX']","[[{'movieId': 91535, 'title': 'Bourne Legacy, The (2012)', 'imdbId': 1194173, 'tmdbId': 49040}]]"
377,"['Action,Adventure,Animation,Sci-Fi']","[[{'movieId': 1274, 'title': 'Akira (1988)', 'imdbId': 94625, 'tmdbId': 149}]]"
378,"['Action,Crime,Drama,Mystery,Sci-Fi,Thriller,IMAX']","[[{'movieId': 79132, 'title': 'Inception (2010)', 'imdbId': 1375666, 'tmdbId': 27205}]]"
379,"['Action,Drama,War']","[[{'movieId': 110, 'title': 'Braveheart (1995)', 'imdbId': 112573, 'tmdbId': 197}]]"
380,"['Action,Adventure,Animation,Children,Comedy,Western']","[[{'movieId': 84944, 'title': 'Rango (2011)', 'imdbId': 1192628, 'tmdbId': 44896}]]"
381,"['Action,Mystery,Thriller']","[[{'movieId': 5418, 'title': 'Bourne Identity, The (2002)', 'imdbId': 258463, 'tmdbId': 2501}]]"
382,"['Action,Adventure,Comedy,War']","[[{'movieId': 61132, 'title': 'Tropic Thunder (2008)', 'imdbId': 942385, 'tmdbId': 7446}]]"
383,"['Comedy,Drama,Romance,War']","[[{'movieId': 2324, 'title': 'Life Is Beautiful (La Vita è bella) (1997)', 'imdbId': 118799, 'tmdbId': 637}]]"
384,"['Action,Drama,Romance']","[[{'movieId': 3996, 'title': 'Crouching Tiger, Hidden Dragon (Wo hu cang long) (2000)', 'imdbId': 190332, 'tmdbId': 146}]]"
385,"['Action,Adventure']","[[{'movieId': 1198, 'title': 'Raiders of the Lost Ark (Indiana Jones and the Raiders of the Lost Ark) (1981)', 'imdbId': 82971, 'tmdbId': 85}, {'movieId': 1291, 'title': 'Indiana Jones and the Last Crusade (1989)', 'imdbId': 97576, 'tmdbId': 89}]]"
387,"['Adventure,Animation,Drama,Fantasy,Sci-Fi']","[[{'movieId': 7099, 'title': 'Nausicaä of the Valley of the Wind (Kaze no tani no Naushika) (1984)', 'imdbId': 87544, 'tmdbId': 81}]]"
388,"['Action,Adventure,Animation,Children,Comedy,IMAX']","[[{'movieId': 62999, 'title': 'Madagascar: Escape 2 Africa (2008)', 'imdbId': 479952, 'tmdbId': 10527}]]"
389,"['Action,Adventure,Romance,Thriller']","[[{'movieId': 736, 'title': 'Twister (1996)', 'imdbId': 117998, 'tmdbId': 664}]]"
390,"['Action,Adventure,Animation,Children,Fantasy,Sci-Fi']","[[{'movieId': 6350, 'title': 'Laputa: Castle in the Sky (Tenkû no shiro Rapyuta) (1986)', 'imdbId': 92067, 'tmdbId': 10515}]]"
391,"['Action,Adventure,Comedy']","[[{'movieId': 2683, 'title': 'Austin Powers: The Spy Who Shagged Me (1999)', 'imdbId': 145660, 'tmdbId': 817}]]"
392,"['Action,Adventure']","[[{'movieId': 1198, 'title': 'Raiders of the Lost Ark (Indiana Jones and the Raiders of the Lost Ark) (1981)', 'imdbId': 82971, 'tmdbId': 85}]]"
393,"['Action,Adventure']","[[{'movieId': 1198, 'title': 'Raiders of the Lost Ark (Indiana Jones and the Raiders of the Lost Ark) (1981)', 'imdbId': 82971, 'tmdbId': 85}, {'movieId': 1291, 'title': 'Indiana Jones and the Last Crusade (1989)', 'imdbId': 97576, 'tmdbId': 89}]]"
394,"['Action,Drama,War']","[[{'movieId': 110, 'title': 'Braveheart (1995)', 'imdbId': 112573, 'tmdbId': 197}]]"
395,"['Action,Adventure,Mystery,Thriller']","[[{'movieId': 648, 'title': 'Mission: Impossible (1996)', 'imdbId': 117060, 'tmdbId': 954}]]"
396,"['Action,Crime,Drama,Thriller']","[[{'movieId': 293, 'title': 'Léon: The Professional (a.k.a. The Professional) (Léon) (1994)', 'imdbId': 110413, 'tmdbId': 101}]]"
397,"['Comedy,Mystery']","[[{'movieId': 492, 'title': 'Manhattan Murder Mystery (1993)', 'imdbId': 107507, 'tmdbId': 10440}]]"
398,"['Action,Adventure,Animation,Drama,Fantasy']","[[{'movieId': 3000, 'title': 'Princess Mononoke (Mononoke-hime) (1997)', 'imdbId': 119698, 'tmdbId': 128}]]"
399,"['Action,Adventure,Drama']","[[{'movieId': 3578, 'title': 'Gladiator (2000)', 'imdbId': 172495, 'tmdbId': 98}]]"
400,"['Action,Adventure,Sci-Fi']","[[{'movieId': 260, 'title': 'Star Wars: Episode IV - A New Hope (1977)', 'imdbId': 76759, 'tmdbId': 11}, {'movieId': 1196, 'title': 'Star Wars: Episode V - The Empire Strikes Back (1980)', 'imdbId': 80684, 'tmdbId': 1891}, {'movieId': 1210, 'title': 'Star Wars: Episode VI - Return of the Jedi (1983)', 'imdbId': 86190, 'tmdbId': 1892}]]"
401,"['Adventure,Animation,Children,Sci-Fi,IMAX']","[[{'movieId': 5882, 'title': 'Treasure Planet (2002)', 'imdbId': 133240, 'tmdbId': 9016}]]"
402,"['Action,Adventure,Comedy,Romance,Thriller']","[[{'movieId': 380, 'title': 'True Lies (1994)', 'imdbId': 111503, 'tmdbId': 36955}]]"
403,"['Comedy,Crime,Drama,Thriller']","[[{'movieId': 296, 'title': 'Pulp Fiction (1994)', 'imdbId': 110912, 'tmdbId': 680}]]"
404,"['Action,Adventure,Sci-Fi,Thriller']","[[{'movieId': 480, 'title': 'Jurassic Park (1993)', 'imdbId': 107290, 'tmdbId': 329}]]"
405,"['Action,Crime,Film-Noir,Mystery,Thriller']","[[{'movieId': 32587, 'title': 'Sin City (2005)', 'imdbId': 401792, 'tmdbId': 187}]]"
406,"['Adventure,Comedy,Drama']","[[{'movieId': 33669, 'title': 'Sisterhood of the Traveling Pants, The (2005)', 'imdbId': 403508, 'tmdbId': 9779}]]"
407,"['Action,Adventure,Drama,Fantasy']","[[{'movieId': 7153, 'title': 'Lord of the Rings: The Return of the King, The (2003)', 'imdbId': 167260, 'tmdbId': 122}]]"
408,"['Action,Adventure,Comedy,Crime,Mystery,Thriller']","[[{'movieId': 91542, 'title': 'Sherlock Holmes: A Game of Shadows (2011)', 'imdbId': 1515091, 'tmdbId': 58574}]]"
409,"['Action,Adventure,Comedy,Fantasy,Romance']","[[{'movieId': 1197, 'title': 'Princess Bride, The (1987)', 'imdbId': 93779, 'tmdbId': 2493}]]"
410,"['Adventure,Comedy,Crime']","[[{'movieId': 4027, 'title': 'O Brother, Where Art Thou? (2000)', 'imdbId': 190590, 'tmdbId': 134}]]"
411,"['Action,Adventure,Mystery,Thriller']","[[{'movieId': 648, 'title': 'Mission: Impossible (1996)', 'imdbId': 117060, 'tmdbId': 954}]]"
412,"['Action,Adventure,Comedy,Fantasy,Romance']","[[{'movieId': 1197, 'title': 'Princess Bride, The (1987)', 'imdbId': 93779, 'tmdbId': 2493}]]"
413,"['Action,Adventure,Comedy,Western']","[[{'movieId': 3624, 'title': 'Shanghai Noon (2000)', 'imdbId': 184894, 'tmdbId': 8584}]]"
414,"['Action,Adventure,Animation,Children,Comedy,Fantasy']","[[{'movieId': 108932, 'title': 'The Lego Movie (2014)', 'imdbId': 1490017, 'tmdbId': 137106}]]"
415,"['Action,Adventure,Mystery,Romance,Thriller']","[[{'movieId': 908, 'title': 'North by Northwest (1959)', 'imdbId': 53125, 'tmdbId': 213}]]"
416,"['Comedy,Drama,Fantasy']","[[{'movieId': 2997, 'title': 'Being John Malkovich (1999)', 'imdbId': 120601, 'tmdbId': 492}]]"
417,"['Action,Adventure,Crime,Drama,Thriller']","[[{'movieId': 6016, 'title': 'City of God (Cidade de Deus) (2002)', 'imdbId': 317248, 'tmdbId': 598}]]"
418,"['Action,Adventure,Drama,Fantasy']","[[{'movieId': 7153, 'title': 'Lord of the Rings: The Return of the King, The (2003)', 'imdbId': 167260, 'tmdbId': 122}]]"
419,"['Action,Crime,IMAX']","[[{'movieId': 33794, 'title': 'Batman Begins (2005)', 'imdbId': 372784, 'tmdbId': 272}]]"
420,"['Adventure,Comedy,Fantasy']","[[{'movieId': 1136, 'title': 'Monty Python and the Holy Grail (1975)', 'imdbId': 71853, 'tmdbId': 762}]]"
421,"['Adventure,Drama']","[[{'movieId': 2966, 'title': 'Straight Story, The (1999)', 'imdbId': 166896, 'tmdbId': 404}]]"
422,"['Action,Drama,Romance,War']","[[{'movieId': 2728, 'title': 'Spartacus (1960)', 'imdbId': 54331, 'tmdbId': 967}]]"
423,"['Action,Sci-Fi']","[[{'movieId': 589, 'title': 'Terminator 2: Judgment Day (1991)', 'imdbId': 103064, 'tmdbId': 280}]]"
424,"['Action,Crime,Drama,Mystery,Thriller']","[[{'movieId': 5388, 'title': 'Insomnia (2002)', 'imdbId': 278504, 'tmdbId': 320}]]"
425,"['Comedy,Crime,Drama']","[[{'movieId': 778, 'title': 'Trainspotting (1996)', 'imdbId': 117951, 'tmdbId': 627}]]"
426,"['Action,Adventure,Animation,Children,Comedy']","[[{'movieId': 8961, 'title': 'Incredibles, The (2004)', 'imdbId': 317705, 'tmdbId': 9806}]]"
427,"['Mystery,Thriller']","[[{'movieId': 4226, 'title': 'Memento (2000)', 'imdbId': 209144, 'tmdbId': 77}]]"
428,"['Action,Adventure,Animation,Comedy']","[[{'movieId': 8917, 'title': 'Team America: World Police (2004)', 'imdbId': 372588, 'tmdbId': 3989}]]"
429,"['Action,Adventure,Comedy,Romance,Thriller']","[[{'movieId': 380, 'title': 'True Lies (1994)', 'imdbId': 111503, 'tmdbId': 36955}]]"
430,"['Action,Crime,Mystery,Sci-Fi,Thriller']","[[{'movieId': 5445, 'title': 'Minority Report (2002)', 'imdbId': 181689, 'tmdbId': 180}]]"
431,"['Crime,Thriller']","[[{'movieId': 555, 'title': 'True Romance (1993)', 'imdbId': 108399, 'tmdbId': 319}]]"
432,"['Adventure,Animation,Children,Drama,Musical,IMAX']","[[{'movieId': 364, 'title': 'Lion King, The (1994)', 'imdbId': 110357, 'tmdbId': 8587}]]"
433,"['Comedy,Romance']","[[{'movieId': 5299, 'title': 'My Big Fat Greek Wedding (2002)', 'imdbId': 259446, 'tmdbId': 8346}]]"
434,"['Action,Adventure,Animation,Drama,Fantasy']","[[{'movieId': 3000, 'title': 'Princess Mononoke (Mononoke-hime) (1997)', 'imdbId': 119698, 'tmdbId': 128}]]"
435,"['Action,Crime,Drama,IMAX']","[[{'movieId': 58559, 'title': 'Dark Knight, The (2008)', 'imdbId': 468569, 'tmdbId': 155}]]"
436,"['Adventure,Animation,Comedy']","[[{'movieId': 720, 'title': 'Wallace & Gromit: The Best of Aardman Animation (1996)', 'imdbId': 118114, 'tmdbId': 503475}]]"
437,"['Action,Adventure,Romance,Thriller']","[[{'movieId': 736, 'title': 'Twister (1996)', 'imdbId': 117998, 'tmdbId': 664}]]"
438,"['Action,Adventure,Animation,Children,Comedy']","[[{'movieId': 8961, 'title': 'Incredibles, The (2004)', 'imdbId': 317705, 'tmdbId': 9806}]]"
439,"['Action,Adventure,Drama,Fantasy']","[[{'movieId': 7153, 'title': 'Lord of the Rings: The Return of the King, The (2003)', 'imdbId': 167260, 'tmdbId': 122}]]"
440,"['Action,Sci-Fi,Thriller']","[[{'movieId': 541, 'title': 'Blade Runner (1982)', 'imdbId': 83658, 'tmdbId': 78}]]"
441,"['Action,Adventure']","[[{'movieId': 1198, 'title': 'Raiders of the Lost Ark (Indiana Jones and the Raiders of the Lost Ark) (1981)', 'imdbId': 82971, 'tmdbId': 85}]]"
442,"['Adventure,Children,Romance']","[[{'movieId': 362, 'title': 'Jungle Book, The (1994)', 'imdbId': 110213, 'tmdbId': 10714}]]"
443,"['Action,Adventure,Drama,Fantasy']","[[{'movieId': 7153, 'title': 'Lord of the Rings: The Return of the King, The (2003)', 'imdbId': 167260, 'tmdbId': 122}]]"
444,"['Action,Crime,Fantasy,Thriller']","[[{'movieId': 353, 'title': 'Crow, The (1994)', 'imdbId': 109506, 'tmdbId': 9495}]]"
445,"['Action,Adventure,Comedy,Fantasy,Romance']","[[{'movieId': 1197, 'title': 'Princess Bride, The (1987)', 'imdbId': 93779, 'tmdbId': 2493}]]"
446,"['Action,Sci-Fi']","[[{'movieId': 589, 'title': 'Terminator 2: Judgment Day (1991)', 'imdbId': 103064, 'tmdbId': 280}]]"
447,"['Action,Adventure,Comedy,Romance']","[[{'movieId': 552, 'title': 'Three Musketeers, The (1993)', 'imdbId': 108333, 'tmdbId': 10057}]]"
448,"['Action,Adventure,Crime,Drama,Thriller']","[[{'movieId': 6016, 'title': 'City of God (Cidade de Deus) (2002)', 'imdbId': 317248, 'tmdbId': 598}]]"
450,"['Action,Horror']","[[{'movieId': 1387, 'title': 'Jaws (1975)', 'imdbId': 73195, 'tmdbId': 578}]]"
451,"['Action,Adventure,Comedy,Crime']","[[{'movieId': 112, 'title': 'Rumble in the Bronx (Hont faan kui) (1995)', 'imdbId': 113326, 'tmdbId': 33542}]]"
452,"['Action,Adventure,Comedy']","[[{'movieId': 1517, 'title': 'Austin Powers: International Man of Mystery (1997)', 'imdbId': 118655, 'tmdbId': 816}, {'movieId': 2683, 'title': 'Austin Powers: The Spy Who Shagged Me (1999)', 'imdbId': 145660, 'tmdbId': 817}]]"
453,"['Action,Adventure,Comedy,Crime']","[[{'movieId': 112, 'title': 'Rumble in the Bronx (Hont faan kui) (1995)', 'imdbId': 113326, 'tmdbId': 33542}]]"
454,"['Comedy,Drama,Romance']","[[{'movieId': 1235, 'title': 'Harold and Maude (1971)', 'imdbId': 67185, 'tmdbId': 343}]]"
455,"['Comedy,Drama,Fantasy,Romance,Thriller']","[[{'movieId': 587, 'title': 'Ghost (1990)', 'imdbId': 99653, 'tmdbId': 251}]]"
456,"['Action,Adventure,Sci-Fi']","[[{'movieId': 260, 'title': 'Star Wars: Episode IV - A New Hope (1977)', 'imdbId': 76759, 'tmdbId': 11}]]"
457,"['Action,Adventure,Comedy,Fantasy,Romance']","[[{'movieId': 1197, 'title': 'Princess Bride, The (1987)', 'imdbId': 93779, 'tmdbId': 2493}]]"
458,"['Action,Adventure,Comedy,Crime']","[[{'movieId': 153, 'title': 'Batman Forever (1995)', 'imdbId': 112462, 'tmdbId': 414}]]"
459,"['Action,Adventure,Animation,Children,Comedy']","[[{'movieId': 8961, 'title': 'Incredibles, The (2004)', 'imdbId': 317705, 'tmdbId': 9806}]]"
460,"['Action,Adventure,Drama']","[[{'movieId': 3578, 'title': 'Gladiator (2000)', 'imdbId': 172495, 'tmdbId': 98}]]"
461,"['Comedy,Crime,Drama']","[[{'movieId': 106782, 'title': 'Wolf of Wall Street, The (2013)', 'imdbId': 993846, 'tmdbId': 106646}]]"
462,"['Comedy,Fantasy,Horror']","[[{'movieId': 1241, 'title': 'Dead Alive (Braindead) (1992)', 'imdbId': 103873, 'tmdbId': 763}]]"
463,"['Action,Adventure,Drama,Fantasy']","[[{'movieId': 7153, 'title': 'Lord of the Rings: The Return of the King, The (2003)', 'imdbId': 167260, 'tmdbId': 122}]]"
464,"['Action,Adventure,Drama,Fantasy']","[[{'movieId': 7153, 'title': 'Lord of the Rings: The Return of the King, The (2003)', 'imdbId': 167260, 'tmdbId': 122}]]"
465,"['Action,Adventure,Horror,Sci-Fi']","[[{'movieId': 1200, 'title': 'Aliens (1986)', 'imdbId': 90605, 'tmdbId': 679}]]"
466,"['Action,Sci-Fi,IMAX']","[[{'movieId': 111759, 'title': 'Edge of Tomorrow (2014)', 'imdbId': 1631867, 'tmdbId': 137113}]]"
467,['Comedy'],"[[{'movieId': 2390, 'title': 'Little Voice (1998)', 'imdbId': 147004, 'tmdbId': 8545}]]"
468,"['Adventure,Drama,IMAX']","[[{'movieId': 150, 'title': 'Apollo 13 (1995)', 'imdbId': 112384, 'tmdbId': 568}]]"
469,"['Action,Adventure,Comedy,Fantasy,Romance']","[[{'movieId': 1197, 'title': 'Princess Bride, The (1987)', 'imdbId': 93779, 'tmdbId': 2493}]]"
470,"['Action,Adventure,Comedy,Romance,Thriller']","[[{'movieId': 380, 'title': 'True Lies (1994)', 'imdbId': 111503, 'tmdbId': 36955}]]"
471,"['Action,Comedy,Fantasy,Musical,Romance']","[[{'movieId': 79702, 'title': 'Scott Pilgrim vs. the World (2010)', 'imdbId': 446029, 'tmdbId': 22538}]]"
472,"['Action,Adventure,Crime,IMAX']","[[{'movieId': 91529, 'title': 'Dark Knight Rises, The (2012)', 'imdbId': 1345836, 'tmdbId': 49026}]]"
473,"['Drama,Romance,Sci-Fi']","[[{'movieId': 7361, 'title': 'Eternal Sunshine of the Spotless Mind (2004)', 'imdbId': 338013, 'tmdbId': 38}]]"
474,"['Action,Adventure,Drama,Fantasy']","[[{'movieId': 7153, 'title': 'Lord of the Rings: The Return of the King, The (2003)', 'imdbId': 167260, 'tmdbId': 122}]]"
475,"['Action,Adventure,Comedy,Fantasy,Horror,Thriller']","[[{'movieId': 2617, 'title': 'Mummy, The (1999)', 'imdbId': 120616, 'tmdbId': 564}]]"
476,"['Action,Sci-Fi']","[[{'movieId': 589, 'title': 'Terminator 2: Judgment Day (1991)', 'imdbId': 103064, 'tmdbId': 280}]]"
477,"['Action,Adventure,Animation,Sci-Fi']","[[{'movieId': 1274, 'title': 'Akira (1988)', 'imdbId': 94625, 'tmdbId': 149}]]"
478,"['Action,Adventure,Comedy,Romance']","[[{'movieId': 33679, 'title': 'Mr. & Mrs. Smith (2005)', 'imdbId': 356910, 'tmdbId': 787}]]"
479,"['Action,Adventure,Comedy']","[[{'movieId': 2683, 'title': 'Austin Powers: The Spy Who Shagged Me (1999)', 'imdbId': 145660, 'tmdbId': 817}]]"
480,"['Action,Romance,War,Western']","[[{'movieId': 1408, 'title': 'Last of the Mohicans, The (1992)', 'imdbId': 104691, 'tmdbId': 9361}]]"
481,"['Crime,Film-Noir,Mystery,Thriller']","[[{'movieId': 1617, 'title': 'L.A. Confidential (1997)', 'imdbId': 119488, 'tmdbId': 2118}]]"
482,"['Action,Adventure,Animation,Children,Comedy']","[[{'movieId': 8961, 'title': 'Incredibles, The (2004)', 'imdbId': 317705, 'tmdbId': 9806}]]"
483,"['Action,Adventure,Animation,Drama,Fantasy']","[[{'movieId': 3000, 'title': 'Princess Mononoke (Mononoke-hime) (1997)', 'imdbId': 119698, 'tmdbId': 128}]]"
484,"['Adventure,Animation,Children,Drama,Musical,IMAX']","[[{'movieId': 364, 'title': 'Lion King, The (1994)', 'imdbId': 110357, 'tmdbId': 8587}]]"
485,"['Action,Adventure,Comedy,Romance,Thriller']","[[{'movieId': 380, 'title': 'True Lies (1994)', 'imdbId': 111503, 'tmdbId': 36955}]]"
486,"['Action,Adventure,Comedy,Crime']","[[{'movieId': 112, 'title': 'Rumble in the Bronx (Hont faan kui) (1995)', 'imdbId': 113326, 'tmdbId': 33542}, {'movieId': 153, 'title': 'Batman Forever (1995)', 'imdbId': 112462, 'tmdbId': 414}]]"
487,"['Drama,Sci-Fi,War']","[[{'movieId': 27611, 'title': 'Battlestar Galactica (2003)', 'imdbId': 314979, 'tmdbId': 206216}]]"
488,"['Action,Adventure,Comedy,Fantasy,Romance']","[[{'movieId': 1197, 'title': 'Princess Bride, The (1987)', 'imdbId': 93779, 'tmdbId': 2493}]]"
489,"['Action,Adventure,Animation,Drama,Fantasy']","[[{'movieId': 3000, 'title': 'Princess Mononoke (Mononoke-hime) (1997)', 'imdbId': 119698, 'tmdbId': 128}]]"
490,"['Action,Adventure,Crime,Drama,Thriller']","[[{'movieId': 6016, 'title': 'City of God (Cidade de Deus) (2002)', 'imdbId': 317248, 'tmdbId': 598}]]"
491,"['Action,Adventure,Drama,Fantasy,Mystery,IMAX']","[[{'movieId': 88125, 'title': 'Harry Potter and the Deathly Hallows: Part 2 (2011)', 'imdbId': 1201607, 'tmdbId': 12445}]]"
492,"['Action,Adventure,Comedy,Crime']","[[{'movieId': 112, 'title': 'Rumble in the Bronx (Hont faan kui) (1995)', 'imdbId': 113326, 'tmdbId': 33542}]]"
493,"['Action,Adventure,Fantasy']","[[{'movieId': 1275, 'title': 'Highlander (1986)', 'imdbId': 91203, 'tmdbId': 8009}]]"
494,"['Action,Adventure']","[[{'movieId': 1198, 'title': 'Raiders of the Lost Ark (Indiana Jones and the Raiders of the Lost Ark) (1981)', 'imdbId': 82971, 'tmdbId': 85}, {'movieId': 1291, 'title': 'Indiana Jones and the Last Crusade (1989)', 'imdbId': 97576, 'tmdbId': 89}]]"
495,"['Action,Adventure,Animation,Comedy']","[[{'movieId': 8917, 'title': 'Team America: World Police (2004)', 'imdbId': 372588, 'tmdbId': 3989}]]"
496,"['Mystery,Thriller']","[[{'movieId': 904, 'title': 'Rear Window (1954)', 'imdbId': 47396, 'tmdbId': 567}]]"
497,"['Adventure,Animation,Children,Drama']","[[{'movieId': 68954, 'title': 'Up (2009)', 'imdbId': 1049413, 'tmdbId': 14160}]]"
498,"['Action,Adventure,Mystery,Thriller']","[[{'movieId': 648, 'title': 'Mission: Impossible (1996)', 'imdbId': 117060, 'tmdbId': 954}]]"
499,"['Action,Comedy,Musical']","[[{'movieId': 1220, 'title': 'Blues Brothers, The (1980)', 'imdbId': 80455, 'tmdbId': 525}]]"
500,"['Adventure,Animation,Children,Comedy']","[[{'movieId': 2355, 'title': ""Bug's Life, A (1998)"", 'imdbId': 120623, 'tmdbId': 9487}]]"
501,"['Action,Adventure,Romance,Thriller']","[[{'movieId': 736, 'title': 'Twister (1996)', 'imdbId': 117998, 'tmdbId': 664}]]"
502,"['Action,Adventure,Sci-Fi']","[[{'movieId': 2640, 'title': 'Superman (1978)', 'imdbId': 78346, 'tmdbId': 1924}]]"
503,"['Adventure,Drama']","[[{'movieId': 1259, 'title': 'Stand by Me (1986)', 'imdbId': 92005, 'tmdbId': 235}]]"
504,"['Crime,Drama,Mystery']","[[{'movieId': 6870, 'title': 'Mystic River (2003)', 'imdbId': 327056, 'tmdbId': 322}]]"
505,"['Action,Comedy,Fantasy,Horror']","[[{'movieId': 1261, 'title': 'Evil Dead II (Dead by Dawn) (1987)', 'imdbId': 92991, 'tmdbId': 765}]]"
506,"['Drama,Fantasy,Horror,Romance']","[[{'movieId': 61240, 'title': 'Let the Right One In (Låt den rätte komma in) (2008)', 'imdbId': 1139797, 'tmdbId': 13310}]]"
507,"['Action,Romance,Thriller']","[[{'movieId': 377, 'title': 'Speed (1994)', 'imdbId': 111257, 'tmdbId': 1637}]]"
508,"['Adventure,Comedy,Sci-Fi']","[[{'movieId': 1270, 'title': 'Back to the Future (1985)', 'imdbId': 88763, 'tmdbId': 105}, {'movieId': 2011, 'title': 'Back to the Future Part II (1989)', 'imdbId': 96874, 'tmdbId': 165}]]"
509,"['Action,Adventure,Drama,Fantasy']","[[{'movieId': 7153, 'title': 'Lord of the Rings: The Return of the King, The (2003)', 'imdbId': 167260, 'tmdbId': 122}]]"
510,"['Action,Adventure']","[[{'movieId': 1198, 'title': 'Raiders of the Lost Ark (Indiana Jones and the Raiders of the Lost Ark) (1981)', 'imdbId': 82971, 'tmdbId': 85}]]"
511,"['Action,Adventure']","[[{'movieId': 1198, 'title': 'Raiders of the Lost Ark (Indiana Jones and the Raiders of the Lost Ark) (1981)', 'imdbId': 82971, 'tmdbId': 85}]]"
512,"['Action,Drama,Romance,War']","[[{'movieId': 151, 'title': 'Rob Roy (1995)', 'imdbId': 114287, 'tmdbId': 11780}]]"
513,"['Comedy,War']","[[{'movieId': 750, 'title': 'Dr. Strangelove or: How I Learned to Stop Worrying and Love the Bomb (1964)', 'imdbId': 57012, 'tmdbId': 935}]]"
514,"['Action,Adventure,Comedy,Fantasy,Romance']","[[{'movieId': 1197, 'title': 'Princess Bride, The (1987)', 'imdbId': 93779, 'tmdbId': 2493}]]"
515,"['Action,Adventure,Crime,IMAX']","[[{'movieId': 91529, 'title': 'Dark Knight Rises, The (2012)', 'imdbId': 1345836, 'tmdbId': 49026}]]"
516,"['Action,Adventure,Sci-Fi']","[[{'movieId': 260, 'title': 'Star Wars: Episode IV - A New Hope (1977)', 'imdbId': 76759, 'tmdbId': 11}]]"
517,"['Adventure,Animation,Children,Fantasy,IMAX']","[[{'movieId': 8965, 'title': 'Polar Express, The (2004)', 'imdbId': 338348, 'tmdbId': 5255}]]"
518,"['Adventure,Animation,Children,Comedy']","[[{'movieId': 6377, 'title': 'Finding Nemo (2003)', 'imdbId': 266543, 'tmdbId': 12}]]"
519,"['Action,Crime,Drama,Mystery,Thriller']","[[{'movieId': 7445, 'title': 'Man on Fire (2004)', 'imdbId': 328107, 'tmdbId': 9509}]]"
520,"['Action,Adventure,Animation,Children,Sci-Fi']","[[{'movieId': 3745, 'title': 'Titan A.E. (2000)', 'imdbId': 120913, 'tmdbId': 7450}]]"
521,"['Comedy,Crime,Drama,Thriller']","[[{'movieId': 608, 'title': 'Fargo (1996)', 'imdbId': 116282, 'tmdbId': 275}]]"
522,"['Action,Adventure,Comedy,Fantasy']","[[{'movieId': 6539, 'title': 'Pirates of the Caribbean: The Curse of the Black Pearl (2003)', 'imdbId': 325980, 'tmdbId': 22}]]"
523,"['Action,Adventure,Animation,Crime,Fantasy']","[[{'movieId': 55167, 'title': 'Tekkonkinkreet (Tekkon kinkurîto) (2006)', 'imdbId': 831888, 'tmdbId': 13754}]]"
524,"['Action,Adventure,Comedy,Fantasy,Romance']","[[{'movieId': 1197, 'title': 'Princess Bride, The (1987)', 'imdbId': 93779, 'tmdbId': 2493}]]"
525,"['Action,Adventure']","[[{'movieId': 1198, 'title': 'Raiders of the Lost Ark (Indiana Jones and the Raiders of the Lost Ark) (1981)', 'imdbId': 82971, 'tmdbId': 85}, {'movieId': 4367, 'title': 'Lara Croft: Tomb Raider (2001)', 'imdbId': 146316, 'tmdbId': 1995}]]"
526,"['Adventure,Comedy,Crime']","[[{'movieId': 4027, 'title': 'O Brother, Where Art Thou? (2000)', 'imdbId': 190590, 'tmdbId': 134}]]"
527,"['Action,Adventure,Comedy']","[[{'movieId': 2471, 'title': 'Crocodile Dundee II (1988)', 'imdbId': 92493, 'tmdbId': 9396}]]"
528,"['Action,Adventure,Drama']","[[{'movieId': 3578, 'title': 'Gladiator (2000)', 'imdbId': 172495, 'tmdbId': 98}]]"
529,"['Action,Adventure,Sci-Fi']","[[{'movieId': 260, 'title': 'Star Wars: Episode IV - A New Hope (1977)', 'imdbId': 76759, 'tmdbId': 11}]]"
530,"['Adventure,Drama,Western']","[[{'movieId': 590, 'title': 'Dances with Wolves (1990)', 'imdbId': 99348, 'tmdbId': 581}]]"
531,"['Action,Adventure']","[[{'movieId': 1198, 'title': 'Raiders of the Lost Ark (Indiana Jones and the Raiders of the Lost Ark) (1981)', 'imdbId': 82971, 'tmdbId': 85}, {'movieId': 1291, 'title': 'Indiana Jones and the Last Crusade (1989)', 'imdbId': 97576, 'tmdbId': 89}]]"
532,"['Action,Adventure,Horror,Sci-Fi']","[[{'movieId': 1200, 'title': 'Aliens (1986)', 'imdbId': 90605, 'tmdbId': 679}]]"
533,"['Action,Adventure,Comedy,Crime']","[[{'movieId': 119145, 'title': 'Kingsman: The Secret Service (2015)', 'imdbId': 2802144, 'tmdbId': 207703}]]"
534,"['Animation,Musical']","[[{'movieId': 2394, 'title': 'Prince of Egypt, The (1998)', 'imdbId': 120794, 'tmdbId': 9837}]]"
535,"['Action,Crime']","[[{'movieId': 2692, 'title': 'Run Lola Run (Lola rennt) (1998)', 'imdbId': 130827, 'tmdbId': 104}]]"
536,"['Action,Adventure,Thriller']","[[{'movieId': 434, 'title': 'Cliffhanger (1993)', 'imdbId': 106582, 'tmdbId': 9350}]]"
537,"['Action,Adventure,Comedy,Fantasy']","[[{'movieId': 6539, 'title': 'Pirates of the Caribbean: The Curse of the Black Pearl (2003)', 'imdbId': 325980, 'tmdbId': 22}, {'movieId': 53125, 'title': ""Pirates of the Caribbean: At World's End (2007)"", 'imdbId': 449088, 'tmdbId': 285}]]"
538,"['Action,Adventure,Comedy,Fantasy,Romance']","[[{'movieId': 1197, 'title': 'Princess Bride, The (1987)', 'imdbId': 93779, 'tmdbId': 2493}]]"
539,"['Action,Adventure,Comedy,Fantasy,Romance']","[[{'movieId': 1197, 'title': 'Princess Bride, The (1987)', 'imdbId': 93779, 'tmdbId': 2493}]]"
540,"['Action,Crime,Film-Noir,Mystery,Thriller']","[[{'movieId': 32587, 'title': 'Sin City (2005)', 'imdbId': 401792, 'tmdbId': 187}]]"
541,"['Action,Adventure,Mystery,Thriller']","[[{'movieId': 648, 'title': 'Mission: Impossible (1996)', 'imdbId': 117060, 'tmdbId': 954}]]"
542,"['Action,Adventure,Comedy,Sci-Fi']","[[{'movieId': 1527, 'title': 'Fifth Element, The (1997)', 'imdbId': 119116, 'tmdbId': 18}]]"
543,"['Action,Adventure,Comedy,Romance,Thriller']","[[{'movieId': 380, 'title': 'True Lies (1994)', 'imdbId': 111503, 'tmdbId': 36955}]]"
544,"['Action,Adventure,Romance,Thriller']","[[{'movieId': 736, 'title': 'Twister (1996)', 'imdbId': 117998, 'tmdbId': 664}]]"
545,"['Crime,Thriller']","[[{'movieId': 2605, 'title': 'Entrapment (1999)', 'imdbId': 137494, 'tmdbId': 1844}]]"
546,"['Action,Adventure,Fantasy']","[[{'movieId': 3877, 'title': 'Supergirl (1984)', 'imdbId': 88206, 'tmdbId': 9651}]]"
547,"['Action,Sci-Fi,Thriller']","[[{'movieId': 541, 'title': 'Blade Runner (1982)', 'imdbId': 83658, 'tmdbId': 78}]]"
548,"['Action,Adventure,Thriller']","[[{'movieId': 733, 'title': 'Rock, The (1996)', 'imdbId': 117500, 'tmdbId': 9802}]]"
549,"['Action,Adventure,Fantasy,Sci-Fi']","[[{'movieId': 122924, 'title': 'X-Men: Apocalypse (2016)', 'imdbId': 3385516, 'tmdbId': 246655}]]"
550,"['Action,Adventure,Comedy,Sci-Fi']","[[{'movieId': 122904, 'title': 'Deadpool (2016)', 'imdbId': 1431045, 'tmdbId': 293660}]]"
551,"['Action,Adventure,Children,IMAX']","[[{'movieId': 111659, 'title': 'Maleficent (2014)', 'imdbId': 1587310, 'tmdbId': 102651}]]"
552,"['Action,Adventure,Drama,Fantasy']","[[{'movieId': 7153, 'title': 'Lord of the Rings: The Return of the King, The (2003)', 'imdbId': 167260, 'tmdbId': 122}]]"
553,"['Action,Adventure,Crime,Drama,Thriller']","[[{'movieId': 6016, 'title': 'City of God (Cidade de Deus) (2002)', 'imdbId': 317248, 'tmdbId': 598}]]"
554,"['Action,Adventure,Crime,Thriller']","[[{'movieId': 170, 'title': 'Hackers (1995)', 'imdbId': 113243, 'tmdbId': 10428}]]"
555,"['Action,Adventure,Comedy,Fantasy,Horror']","[[{'movieId': 1215, 'title': 'Army of Darkness (1993)', 'imdbId': 106308, 'tmdbId': 766}]]"
556,"['Action,Adventure,Sci-Fi']","[[{'movieId': 112852, 'title': 'Guardians of the Galaxy (2014)', 'imdbId': 2015381, 'tmdbId': 118340}]]"
557,"['Action,Adventure,Mystery,Thriller']","[[{'movieId': 648, 'title': 'Mission: Impossible (1996)', 'imdbId': 117060, 'tmdbId': 954}]]"
558,"['Action,Adventure,Drama,Thriller']","[[{'movieId': 5064, 'title': 'The Count of Monte Cristo (2002)', 'imdbId': 245844, 'tmdbId': 11362}]]"
559,"['Action,Adventure,Comedy,Sci-Fi']","[[{'movieId': 1527, 'title': 'Fifth Element, The (1997)', 'imdbId': 119116, 'tmdbId': 18}]]"
560,['(no genres listed)'],"[[{'movieId': 141866, 'title': 'Green Room (2015)', 'imdbId': 4062536, 'tmdbId': 313922}]]"
561,"['Action,Adventure,Comedy,Fantasy,Romance']","[[{'movieId': 1197, 'title': 'Princess Bride, The (1987)', 'imdbId': 93779, 'tmdbId': 2493}]]"
562,"['Action,Adventure,Children,Comedy,Fantasy']","[[{'movieId': 2005, 'title': 'Goonies, The (1985)', 'imdbId': 89218, 'tmdbId': 9340}]]"
563,"['Musical,Romance']","[[{'movieId': 1035, 'title': 'Sound of Music, The (1965)', 'imdbId': 59742, 'tmdbId': 15121}]]"
564,"['Comedy,Fantasy,Romance']","[[{'movieId': 1265, 'title': 'Groundhog Day (1993)', 'imdbId': 107048, 'tmdbId': 137}]]"
565,"['Adventure,Drama,Western']","[[{'movieId': 590, 'title': 'Dances with Wolves (1990)', 'imdbId': 99348, 'tmdbId': 581}]]"
566,"['Action,Drama,War']","[[{'movieId': 110, 'title': 'Braveheart (1995)', 'imdbId': 112573, 'tmdbId': 197}]]"
567,"['Animation,Comedy,Drama']","[[{'movieId': 71899, 'title': 'Mary and Max (2009)', 'imdbId': 978762, 'tmdbId': 24238}]]"
568,"['Adventure,Comedy,Musical']","[[{'movieId': 2863, 'title': ""Hard Day's Night, A (1964)"", 'imdbId': 58182, 'tmdbId': 704}]]"
569,"['Action,Adventure,Comedy,Crime']","[[{'movieId': 153, 'title': 'Batman Forever (1995)', 'imdbId': 112462, 'tmdbId': 414}]]"
570,"['Action,Adventure']","[[{'movieId': 1198, 'title': 'Raiders of the Lost Ark (Indiana Jones and the Raiders of the Lost Ark) (1981)', 'imdbId': 82971, 'tmdbId': 85}, {'movieId': 1291, 'title': 'Indiana Jones and the Last Crusade (1989)', 'imdbId': 97576, 'tmdbId': 89}]]"
571,"['Action,Horror']","[[{'movieId': 1387, 'title': 'Jaws (1975)', 'imdbId': 73195, 'tmdbId': 578}]]"
572,"['Action,Adventure,Drama,War']","[[{'movieId': 1262, 'title': 'Great Escape, The (1963)', 'imdbId': 57115, 'tmdbId': 5925}]]"
573,"['Action,Adventure,Children,Comedy,Fantasy']","[[{'movieId': 2005, 'title': 'Goonies, The (1985)', 'imdbId': 89218, 'tmdbId': 9340}]]"
574,"['Action,Drama,War']","[[{'movieId': 110, 'title': 'Braveheart (1995)', 'imdbId': 112573, 'tmdbId': 197}]]"
575,"['Adventure,Drama']","[[{'movieId': 1259, 'title': 'Stand by Me (1986)', 'imdbId': 92005, 'tmdbId': 235}]]"
576,"['Action,Romance,Sci-Fi,Thriller']","[[{'movieId': 1479, 'title': 'Saint, The (1997)', 'imdbId': 120053, 'tmdbId': 10003}]]"
577,"['Action,Adventure,Drama,War']","[[{'movieId': 1262, 'title': 'Great Escape, The (1963)', 'imdbId': 57115, 'tmdbId': 5925}]]"
578,"['Action,Crime,Mystery,Thriller']","[[{'movieId': 73017, 'title': 'Sherlock Holmes (2009)', 'imdbId': 988045, 'tmdbId': 10528}]]"
579,"['Action,Crime,Drama,Thriller']","[[{'movieId': 1573, 'title': 'Face/Off (1997)', 'imdbId': 119094, 'tmdbId': 754}]]"
580,"['Action,Adventure,Sci-Fi,Thriller,IMAX']","[[{'movieId': 6365, 'title': 'Matrix Reloaded, The (2003)', 'imdbId': 234215, 'tmdbId': 604}, {'movieId': 6934, 'title': 'Matrix Revolutions, The (2003)', 'imdbId': 242653, 'tmdbId': 605}]]"
581,"['Adventure,Children,Fantasy']","[[{'movieId': 4896, 'title': ""Harry Potter and the Sorcerer's Stone (a.k.a. Harry Potter and the Philosopher's Stone) (2001)"", 'imdbId': 241527, 'tmdbId': 671}]]"
582,"['Action,Adventure,Drama,Fantasy,Mystery,IMAX']","[[{'movieId': 88125, 'title': 'Harry Potter and the Deathly Hallows: Part 2 (2011)', 'imdbId': 1201607, 'tmdbId': 12445}]]"
583,"['Adventure,Animation,Children,Comedy,Drama,Musical,Romance']","[[{'movieId': 1907, 'title': 'Mulan (1998)', 'imdbId': 120762, 'tmdbId': 10674}]]"
584,"['Action,Adventure,Comedy,Romance,Thriller']","[[{'movieId': 380, 'title': 'True Lies (1994)', 'imdbId': 111503, 'tmdbId': 36955}]]"
585,"['Action,Adventure,Crime,Drama,Thriller']","[[{'movieId': 6016, 'title': 'City of God (Cidade de Deus) (2002)', 'imdbId': 317248, 'tmdbId': 598}]]"
586,['(no genres listed)'],"[[{'movieId': 122896, 'title': 'Pirates of the Caribbean: Dead Men Tell No Tales (2017)', 'imdbId': 1790809, 'tmdbId': 166426}]]"
587,"['Action,Adventure,Thriller']","[[{'movieId': 3082, 'title': 'World Is Not Enough, The (1999)', 'imdbId': 143145, 'tmdbId': 36643}]]"
588,"['Action,Drama,War']","[[{'movieId': 110, 'title': 'Braveheart (1995)', 'imdbId': 112573, 'tmdbId': 197}]]"
589,"['Action,Adventure,Romance,Thriller']","[[{'movieId': 736, 'title': 'Twister (1996)', 'imdbId': 117998, 'tmdbId': 664}]]"
590,"['Action,Adventure,Mystery,Romance,Thriller']","[[{'movieId': 908, 'title': 'North by Northwest (1959)', 'imdbId': 53125, 'tmdbId': 213}]]"
591,"['Action,Adventure,Comedy']","[[{'movieId': 2683, 'title': 'Austin Powers: The Spy Who Shagged Me (1999)', 'imdbId': 145660, 'tmdbId': 817}]]"
592,"['Action,Adventure,Comedy,Romance,Thriller']","[[{'movieId': 380, 'title': 'True Lies (1994)', 'imdbId': 111503, 'tmdbId': 36955}]]"
594,"['Action,Adventure,Comedy,Romance']","[[{'movieId': 552, 'title': 'Three Musketeers, The (1993)', 'imdbId': 108333, 'tmdbId': 10057}]]"
595,"['Adventure,Animation,Children,Drama,Sci-Fi']","[[{'movieId': 2761, 'title': 'Iron Giant, The (1999)', 'imdbId': 129167, 'tmdbId': 10386}]]"
596,"['Action,Adventure,Animation,Drama,Fantasy']","[[{'movieId': 3000, 'title': 'Princess Mononoke (Mononoke-hime) (1997)', 'imdbId': 119698, 'tmdbId': 128}]]"
597,"['Action,Adventure']","[[{'movieId': 1198, 'title': 'Raiders of the Lost Ark (Indiana Jones and the Raiders of the Lost Ark) (1981)', 'imdbId': 82971, 'tmdbId': 85}, {'movieId': 1291, 'title': 'Indiana Jones and the Last Crusade (1989)', 'imdbId': 97576, 'tmdbId': 89}]]"
598,"['Action,Adventure,Romance']","[[{'movieId': 101577, 'title': 'Host, The (2013)', 'imdbId': 1517260, 'tmdbId': 72710}]]"
599,"['Action,Adventure,Horror,Sci-Fi']","[[{'movieId': 1200, 'title': 'Aliens (1986)', 'imdbId': 90605, 'tmdbId': 679}]]"
600,"['Action,Adventure,Comedy,Fantasy,Romance']","[[{'movieId': 1197, 'title': 'Princess Bride, The (1987)', 'imdbId': 93779, 'tmdbId': 2493}]]"
601,"['Action,Adventure,Comedy,Fantasy,Romance']","[[{'movieId': 1197, 'title': 'Princess Bride, The (1987)', 'imdbId': 93779, 'tmdbId': 2493}]]"
602,"['Action,Comedy,Crime,Fantasy']","[[{'movieId': 367, 'title': 'Mask, The (1994)', 'imdbId': 110475, 'tmdbId': 854}]]"
603,"['Action,Adventure,Drama,Western']","[[{'movieId': 1254, 'title': 'Treasure of the Sierra Madre, The (1948)', 'imdbId': 40897, 'tmdbId': 3090}]]"
604,"['Action,Adventure,Animation,Horror,Sci-Fi']","[[{'movieId': 610, 'title': 'Heavy Metal (1981)', 'imdbId': 82509, 'tmdbId': 11827}]]"
605,"['Adventure,Drama,IMAX']","[[{'movieId': 150, 'title': 'Apollo 13 (1995)', 'imdbId': 112384, 'tmdbId': 568}]]"
606,"['Action,Adventure,Animation,Drama,Fantasy']","[[{'movieId': 3000, 'title': 'Princess Mononoke (Mononoke-hime) (1997)', 'imdbId': 119698, 'tmdbId': 128}]]"
607,"['Action,Adventure,Drama,Thriller']","[[{'movieId': 798, 'title': 'Daylight (1996)', 'imdbId': 116040, 'tmdbId': 11228}, {'movieId': 2403, 'title': 'First Blood (Rambo: First Blood) (1982)', 'imdbId': 83944, 'tmdbId': 1368}]]"
608,"['Action,Adventure,Fantasy,Horror']","[[{'movieId': 7373, 'title': 'Hellboy (2004)', 'imdbId': 167190, 'tmdbId': 1487}]]"
609,"['Adventure,Drama,Western']","[[{'movieId': 590, 'title': 'Dances with Wolves (1990)', 'imdbId': 99348, 'tmdbId': 581}]]"
610,"['Action,Adventure,Animation,Sci-Fi']","[[{'movieId': 1274, 'title': 'Akira (1988)', 'imdbId': 94625, 'tmdbId': 149}]]"
